lat,long,depth,mag,stations
-18.77,178.24,86,4.9,81
-16.03,168.27,493,4.1,16
-28.87,174.13,240,6.0,72
-35.91,165.87,163,4.0,120
-12.38,184.06,40,5.7,128
-27.51,168.55,679,6.3,55
-24.16,172.03,230,5.1,72
-15.24,166.08,618,4.6,113
-19.76,175.38,555,5.7,21
-18.1,184.54,481,6.0,22
-32.76,174.48,182,5.3,52
-23.5,169.7,230,6.3,26
-19.2,182.6,572,4.1,72
-32.22,183.39,266,5.2,90
-33.71,169.57,352,5.7,129
-11.22,182.98,668,6.1,45
-24.19,186.95,341,4.4,94
-31.32,169.41,499,5.9,17
-10.82,182.99,440,5.3,78
-11.68,181.58,590,5.0,99
-23.03,176.31,432,4.3,89
-13.99,166.97,246,6.1,45
-33.33,167.35,249,4.4,37
-30.82,184.82,154,4.7,127
-19.07,187.91,290,4.7,102
-14.99,180.85,258,6.1,56
-14.72,175.69,446,5.6,85
-27.32,180.21,482,5.9,110
-13.85,179.02,642,4.6,39
-14.87,174.29,393,5.5,32
-12.51,167.14,597,5.4,25
-16.7,184.12,589,6.0,23
-19.95,174.02,181,6.2,83
-22.41,184.06,651,4.0,80
-28.21,171.34,540,5.6,118
-12.39,165.69,586,4.1,61
-11.45,169.24,581,5.3,46
-30.68,176.19,546,4.7,38
-30.08,186.88,635,4.7,76
-25.06,167.97,320,4.8,24
-26.09,184.86,463,5.5,109
-10.87,177.51,309,4.8,56
-33.69,184.22,193,5.8,55
-38.09,172.37,653,5.0,61
-24.83,184.54,122,4.2,28
-33.61,183.03,661,5.9,86
-28.38,170.84,465,4.7,115
-17.85,168.62,314,5.0,30
-18.5,185.17,323,5.6,73
-30.0,187.3,212,4.8,46
-23.47,166.37,366,4.1,36
-24.41,182.09,102,4.9,64
-20.86,186.1,112,6.3,125
-31.61,184.93,675,5.5,38
-22.15,187.33,414,5.6,29
-11.31,182.74,672,5.5,34
-25.02,175.6,547,4.5,79
-13.34,172.68,437,5.0,72
-26.48,172.87,159,5.8,45
-28.83,181.94,476,4.2,11
-20.61,182.42,504,4.7,31
-19.95,170.17,325,4.7,105
-14.51,185.17,304,5.0,25
-32.17,181.73,359,6.4,27
-24.68,178.31,415,4.2,78
-22.65,176.26,128,5.2,63
-17.17,177.87,242,4.4,109
-37.37,169.25,373,6.3,39
-10.87,170.25,261,4.3,54
-25.49,167.72,80,5.0,28
-30.8,169.12,107,5.8,96
-13.97,175.86,553,5.7,43
-17.75,177.58,676,5.0,22
-12.03,166.07,661,4.8,52
-29.37,183.57,637,5.0,71
-23.18,172.28,671,4.6,127
-22.64,186.15,166,4.5,102
-11.27,187.4,294,5.2,109
-36.49,169.84,55,4.6,31
-30.07,176.05,516,4.7,61
-33.27,165.7,101,5.6,61
-31.11,179.11,471,6.3,120
-25.07,179.31,307,5.4,45
-28.2,171.23,74,4.2,82
-27.59,178.21,615,4.2,112
-15.06,170.74,533,6.3,124
-12.67,169.28,601,4.7,28
-36.63,180.3,508,4.2,47
-32.77,172.99,364,5.4,79
-19.89,178.93,343,5.5,125
-28.59,175.4,315,5.6,120
-31.51,187.78,240,4.6,88
-30.36,169.03,484,4.0,66
-29.6,176.1,363,6.3,29
-14.94,180.95,74,4.6,18
-34.78,174.55,521,5.6,41
-18.83,187.56,519,5.7,13
-23.18,181.88,104,5.5,59
-30.33,180.43,47,4.8,91
-26.89,182.67,340,4.7,14
-31.45,187.07,382,5.4,29
-21.55,186.06,470,6.1,96
-36.32,181.94,463,6.3,84
-38.45,182.5,371,4.3,46
-21.09,168.95,477,4.4,31
-33.18,167.98,627,6.3,67
-36.61,178.49,213,5.8,77
-27.53,166.08,598,6.1,102
-37.18,176.5,566,4.5,53
-13.88,170.39,65,5.4,43
-37.82,173.44,644,5.7,86
-22.46,183.09,445,5.6,51
-26.37,186.81,271,5.0,18
-19.86,167.3,572,4.0,115
-29.44,177.67,589,5.4,104
-34.27,185.49,544,4.6,16
-11.23,167.52,218,5.1,77
-15.21,184.19,171,6.3,28
-14.61,173.71,494,5.0,115
-31.62,172.9,387,6.0,103
-37.51,187.62,579,4.5,40
-30.14,170.18,445,5.6,44
-23.62,181.24,115,6.3,66
-29.49,184.12,618,4.2,94
-15.52,166.59,531,4.0,70
-31.02,180.73,233,5.0,40
-11.69,187.04,201,4.2,92
-25.85,168.46,386,5.8,104
-15.12,185.8,400,6.2,62
-33.17,179.03,623,5.0,41
-27.13,179.52,126,4.6,75
-19.09,179.44,301,5.0,68
-34.73,172.38,253,5.7,125
-34.89,186.67,612,4.0,19
-11.57,186.95,301,5.4,11
-18.67,179.71,322,5.5,75
-37.45,183.27,506,5.5,69
-27.47,179.42,419,4.6,97
-26.51,176.55,401,5.7,26
-17.85,180.51,488,4.2,105
-31.6,178.09,480,4.5,25
-33.45,179.09,132,6.1,25
-36.34,183.27,660,5.8,55
-26.65,176.47,463,4.0,48
-19.4,166.59,181,4.6,126
-36.97,169.35,330,4.5,40
-13.08,175.52,471,4.6,116
-26.26,181.95,88,4.6,97
-31.91,179.0,341,4.2,10
-35.97,180.28,229,5.1,20
-33.49,176.43,175,5.8,128
-12.54,179.5,594,5.5,94
-20.8,173.06,443,5.6,13
-24.19,176.23,641,4.2,80
-20.28,182.39,380,6.3,35
-26.45,185.25,357,6.0,120
-18.24,175.41,657,5.9,59
-37.26,166.65,402,6.0,21
-22.81,169.3,421,6.2,104
-34.17,166.14,272,5.3,90
-35.24,180.34,383,4.5,106
-29.06,173.13,588,5.5,84
-36.03,177.85,592,5.8,101
-35.97,176.75,568,5.8,105
-29.91,167.5,610,5.3,74
-11.29,174.73,222,4.2,56
-33.7,170.62,80,4.9,101
-38.11,175.07,590,6.2,62
-17.32,170.24,436,5.4,115
-16.1,184.55,533,5.3,80
-28.94,169.58,372,4.6,11
-25.64,187.25,166,4.9,115
-20.48,175.01,597,6.1,33
-37.25,184.68,596,5.6,13
-12.14,179.79,40,5.9,117
-13.88,182.19,207,5.1,28
-31.32,182.91,659,5.5,35
-38.16,177.01,58,4.6,84
-12.58,177.87,371,5.7,49
-24.63,177.21,623,5.0,59
-23.56,178.88,495,5.1,52
-19.53,166.33,148,5.6,84
-21.43,174.55,307,6.2,118
-12.28,179.28,484,4.2,76
-12.27,179.09,279,6.0,21
-14.42,183.48,340,4.7,76
-20.85,180.38,641,5.1,115
-16.27,187.95,142,4.1,36
-19.72,172.05,289,4.7,122
-22.61,173.74,492,5.2,63
-35.01,174.29,559,4.1,75
-15.98,176.13,192,5.2,58
-15.72,184.45,213,6.2,25
-21.15,170.97,382,4.3,11
-15.72,183.1,470,5.8,69
-20.43,174.77,363,5.0,63
-32.83,179.19,678,5.6,39
-30.95,179.88,459,4.6,93
-32.61,174.04,633,4.4,47
-28.08,177.18,524,4.4,37
-37.5,174.95,451,4.2,34
-21.36,167.22,123,4.4,105
-29.21,175.49,152,5.6,19
-20.32,167.86,371,6.1,69
-27.85,174.77,417,6.0,51
-19.59,178.99,80,5.6,49
-29.1,178.68,144,4.3,106
-31.32,180.55,241,4.7,86
-24.77,167.81,489,4.7,129
-19.28,180.32,305,4.6,114
-28.88,172.68,249,5.2,127
-12.49,174.63,602,5.3,51
-37.5,184.94,157,4.9,56
-26.94,165.87,416,4.8,46
-11.62,178.89,590,6.0,127
-23.32,179.12,579,5.9,89
-26.79,174.58,123,4.7,118
-22.75,170.99,493,6.2,31
-22.54,170.94,668,6.3,66
-18.2,185.52,553,4.8,93
-35.03,175.6,644,4.9,123
-31.62,173.1,426,5.2,116
-22.41,175.75,389,6.3,36
-14.42,180.7,335,6.1,50
-22.93,168.94,297,4.2,89
-31.94,175.76,120,4.9,43
-19.64,178.87,307,5.3,41
-17.97,186.98,458,5.2,99
-31.95,171.34,274,4.5,98
-28.06,173.74,350,6.1,75
-23.7,174.19,396,5.6,21
-24.75,179.27,252,6.0,49
-27.73,173.68,613,6.1,82
-30.29,177.65,88,5.8,85
-35.8,183.23,166,5.1,99
-37.1,181.51,262,5.5,82
-11.88,175.7,318,4.4,19
-14.98,185.08,447,5.6,105
-28.7,178.21,544,4.4,130
-11.92,177.8,333,5.7,107
-19.73,166.44,316,4.6,57
-25.14,187.83,477,4.3,29
-24.85,168.43,146,4.4,48
-36.27,170.86,459,4.0,69
-36.03,166.83,650,5.7,75
-21.8,180.04,468,5.8,74
-23.16,170.72,414,5.2,60
-32.66,169.71,112,4.4,45
-12.22,167.66,673,4.2,33
-16.82,167.99,69,4.0,127
-35.43,178.8,227,4.4,36
-12.65,181.13,403,6.1,11
-11.44,174.6,490,4.6,40
-10.83,176.45,234,4.9,66
-37.03,181.08,195,4.3,87
-18.05,166.06,211,4.5,75
-23.38,172.93,80,5.2,38
-18.92,187.53,102,5.5,24
-11.59,178.7,62,4.6,21
-19.41,171.38,399,4.1,110
-15.26,177.39,114,4.9,37
-14.43,173.37,599,4.6,93
-15.22,177.62,157,4.5,112
-26.71,168.49,651,6.3,33
-32.39,168.65,419,5.5,30
-27.54,168.89,329,5.3,19
-13.73,186.78,479,5.0,119
-34.5,182.13,46,5.0,87
-24.28,169.32,235,5.3,110
-32.09,169.9,460,5.7,27
-22.39,182.08,607,5.7,97
-14.53,169.18,232,4.4,23
-14.05,170.94,598,5.2,43
-31.99,187.31,187,5.0,67
-13.29,171.4,241,6.1,85
-22.09,180.53,483,5.5,31
-28.83,187.65,458,5.3,129
-18.85,174.08,466,4.3,79
-25.17,166.06,518,5.5,45
-28.06,171.15,514,4.3,54
-18.94,184.33,165,4.8,45
-31.66,185.09,434,4.3,31
-29.39,182.93,615,5.7,87
-26.48,168.21,364,4.5,89
-31.52,183.54,431,4.9,70
-27.3,186.3,667,6.1,109
-22.66,179.16,479,4.5,65
-17.94,186.8,243,5.2,98
-17.21,184.24,525,5.0,105
-15.66,180.65,70,4.0,42
-17.85,178.63,427,5.9,54
-19.61,173.5,664,4.2,45
-31.97,169.25,473,5.1,29
-27.44,179.26,415,5.3,27
-25.28,172.81,383,5.5,47
-36.28,185.13,482,5.7,76
-23.86,187.98,618,4.6,32
-26.43,182.57,114,4.0,105
-16.24,167.7,596,5.7,118
-11.34,172.15,194,5.3,25
-23.09,168.12,469,6.0,68
-29.6,180.28,402,6.0,78
-37.38,182.86,487,6.0,77
-12.82,186.46,273,5.2,30
-12.97,175.51,602,4.8,113
-31.54,185.91,301,5.9,124
-19.21,185.39,164,5.1,87
-36.49,172.79,284,4.4,112
-33.96,185.19,581,6.1,104
-32.55,174.11,524,6.1,87
-30.38,172.34,161,5.1,79
-10.84,180.25,164,4.2,21
-19.17,173.05,588,4.9,25
-27.88,179.82,209,5.9,90
-18.05,179.37,163,6.2,118
-13.08,178.32,74,4.5,96
-11.87,174.21,126,4.2,23
-36.98,177.99,240,6.1,70
-27.59,179.07,408,4.9,80
-35.61,177.93,116,5.3,55
-29.24,175.65,98,6.3,41
-33.86,166.0,470,4.2,24
-20.56,178.86,677,5.6,53
-27.77,169.45,539,4.2,26
-32.2,180.1,148,4.9,50
-31.18,182.72,317,5.9,63
-28.55,176.91,107,5.0,120
-31.35,177.85,108,6.4,53
-25.96,187.04,204,5.3,107
-37.69,184.7,528,4.8,14
-30.79,186.2,344,4.5,118
-27.13,183.95,404,4.8,36
-21.79,168.12,418,4.9,125
-31.04,169.02,382,4.2,96
-34.88,177.5,593,4.9,113
-36.47,171.2,393,5.1,87
-12.38,176.38,455,5.7,88
-26.98,174.53,148,5.6,52
-22.39,178.01,602,5.7,106
-12.97,182.44,536,4.0,126
-36.28,181.74,380,4.5,40
-14.16,177.38,422,5.6,108
-23.22,184.14,572,5.2,26
-34.0,175.35,339,4.0,101
-27.13,185.81,178,5.9,92
-16.92,167.27,398,5.9,119
-25.2,187.11,538,5.3,63
-11.13,180.37,424,4.2,71
-28.09,174.21,643,5.8,96
-17.7,170.1,319,5.4,41
-27.64,176.43,676,5.9,49
-15.48,170.04,522,5.8,22
-22.73,169.41,150,5.9,93
-36.82,179.54,178,5.2,44
-37.56,177.42,474,4.3,14
-34.86,180.72,548,5.6,82
-38.21,186.55,312,5.5,38
-36.49,177.62,138,5.8,79
-19.31,178.72,143,4.4,34
-23.7,167.68,253,4.5,104
-17.69,181.79,204,6.1,31
-13.14,174.65,559,5.8,75
-22.28,187.61,323,6.2,54
-18.35,184.16,556,5.8,78
-17.49,177.4,652,5.4,100
-28.06,168.44,203,5.6,98
-31.87,184.97,103,6.1,81
-32.88,183.63,130,5.4,128
-31.58,169.82,156,5.5,10
-30.93,172.3,306,4.4,93
-32.81,183.49,598,5.1,53
-14.11,169.83,179,5.7,96
-17.49,186.28,285,4.7,105
-37.28,175.2,434,4.5,84
-31.1,167.62,526,4.8,48
-37.97,183.99,515,4.6,120
-24.71,174.06,556,4.5,63
-25.32,177.5,223,5.0,97
-15.42,168.19,59,6.2,84
-30.01,165.73,597,5.2,38
-15.84,180.0,563,4.5,63
-11.61,177.24,621,4.2,99
-36.13,179.0,568,5.7,25
-16.52,183.5,186,4.9,108
-22.15,180.19,343,6.0,29
-25.21,169.6,659,5.6,55
-26.87,173.77,621,5.9,76
-16.72,186.02,267,4.7,74
-20.77,182.96,141,5.7,67
-16.15,178.17,626,4.6,62
-13.42,171.41,456,6.3,120
-21.39,172.45,255,5.5,10
-11.26,182.11,446,4.8,90
-21.64,184.79,438,4.6,75
-20.85,180.75,538,4.5,38
-23.13,183.85,504,5.7,93
-36.05,182.89,121,4.5,79
-18.35,169.03,643,5.4,17
-23.33,175.19,404,4.6,38
-26.02,169.11,202,5.6,121
-13.22,170.95,87,6.0,60
-30.29,185.19,550,5.9,42
-24.0,176.29,368,5.8,12
-19.15,177.69,155,4.5,69
-16.39,169.68,376,4.2,44
-25.79,172.68,186,5.7,78
-15.12,170.84,614,4.9,100
-17.16,170.3,362,5.0,117
-36.74,180.0,482,4.1,85
-37.31,171.44,52,4.6,93
-21.29,179.87,533,4.1,118
-28.91,166.98,326,6.1,29
-32.76,168.85,153,4.6,82
-22.44,171.84,519,5.3,48
-29.07,179.08,61,4.1,13
-23.62,180.85,388,5.6,124
-25.77,175.61,605,4.8,127
-22.29,175.68,359,6.2,28
-27.43,181.94,165,6.1,111
-19.15,166.03,316,4.8,100
-33.57,173.33,243,6.2,54
-19.18,184.06,233,6.4,52
-27.12,179.22,586,6.0,22
-14.22,173.24,325,6.0,22
-24.23,186.01,96,4.6,69
-11.47,183.02,342,5.4,66
-21.81,171.62,202,4.2,95
-32.35,180.16,58,4.2,101
-15.69,179.05,409,6.4,61
-28.97,174.68,303,4.8,120
-28.9,173.91,152,5.8,62
-37.7,173.39,527,5.9,118
-23.3,179.53,366,6.1,95
-23.7,175.61,581,6.4,52
-28.67,184.35,618,4.6,92
-13.67,180.71,104,4.1,81
-35.0,167.24,331,5.0,125
-29.39,180.05,64,4.3,81
-29.63,171.76,588,4.1,51
-36.02,178.98,40,4.9,99
-25.18,180.95,588,5.9,121
-19.42,170.85,180,5.4,124
-24.33,175.93,227,4.8,35
-34.22,169.94,167,5.6,32
-28.08,166.85,240,4.6,52
-38.52,174.17,166,4.0,86
-14.39,173.82,296,5.8,37
-36.23,188.03,586,5.5,18
-21.94,175.7,233,5.8,29
-11.1,173.16,143,4.1,65
-23.64,178.71,574,6.0,92
-12.84,167.66,304,5.5,121
-32.01,187.27,423,5.4,48
-17.41,179.93,299,5.5,60
-23.78,182.62,453,6.1,21
-18.51,169.5,397,5.4,88
-36.85,174.87,114,5.4,104
-34.47,175.16,394,6.4,64
-34.88,184.13,623,5.8,87
-19.44,165.7,227,5.1,20
-15.06,172.43,329,5.7,35
-17.7,187.71,84,4.9,51
-37.74,176.34,612,4.5,36
-14.42,174.26,122,5.4,20
-28.72,168.36,162,6.2,47
-27.52,187.55,397,6.2,107
-35.67,166.12,567,4.8,52
-18.04,182.23,105,5.3,28
-33.51,182.93,414,4.5,73
-22.87,171.14,201,6.4,15
-15.16,180.75,419,6.4,55
-36.1,167.76,397,5.6,125
-23.67,171.44,227,5.9,111
-32.09,183.37,361,5.7,122
-29.03,185.09,489,5.4,51
-25.38,179.34,513,4.1,101
-28.69,177.05,52,5.1,74
-20.51,169.25,223,5.6,108
-25.22,167.09,150,5.6,113
-22.31,168.31,547,4.9,81
-18.05,170.78,329,6.3,68
-23.05,173.34,334,4.4,61
-22.24,174.23,490,5.2,127
-22.86,173.45,254,5.7,56
-28.03,171.04,671,5.7,129
-29.19,177.12,606,5.6,16
-13.52,184.21,66,4.7,20
-21.66,171.95,669,4.4,112
-31.78,186.84,270,5.5,70
-24.7,185.29,604,5.4,77
-29.38,169.3,360,4.4,34
-12.57,183.33,272,5.7,21
-38.38,178.58,476,5.1,35
-32.31,178.4,572,5.6,111
-28.41,174.45,442,6.0,119
-24.99,176.93,92,4.4,21
-14.88,174.59,352,4.0,52
-36.14,177.79,320,5.9,60
-16.13,179.77,70,5.5,126
-37.04,180.81,376,5.7,46
-15.11,177.63,222,6.0,55
-37.15,181.87,62,5.9,62
-38.08,168.84,583,6.3,97
-19.17,170.43,485,5.3,89
-10.8,184.06,113,5.2,130
-13.6,172.91,49,5.0,22
-22.54,166.18,523,4.4,98
-13.02,169.12,495,5.4,127
-38.44,170.69,605,4.7,63
-11.41,187.17,603,6.2,66
-24.91,178.54,199,5.4,125
-18.44,186.62,53,5.4,127
-15.71,178.59,217,4.9,13
-18.57,176.44,451,4.1,84
-23.68,172.72,92,4.1,105
-25.31,179.29,447,5.0,58
-15.22,168.8,61,4.2,16
-32.87,185.84,69,5.5,119
-11.61,184.3,299,6.1,131
-18.78,172.8,244,6.1,20
-33.03,187.07,98,5.6,101
-18.07,184.2,510,4.5,63
-23.82,180.64,505,6.1,114
-18.88,168.4,51,6.1,96
-17.19,176.41,670,4.5,54
-36.16,177.04,329,5.8,32
-24.48,170.89,393,4.7,123
-12.61,167.47,678,5.9,37
-29.65,183.12,114,6.4,116
-22.04,168.41,600,4.1,120
-28.3,179.02,630,6.2,66
-25.93,186.7,480,5.5,35
-23.3,185.35,280,6.3,34
-23.29,171.91,193,5.1,63
-32.97,184.79,135,6.0,38
-19.51,165.68,333,4.1,92
-36.14,166.07,248,4.8,106
-34.72,179.2,382,4.2,45
-38.51,173.86,127,6.3,23
-35.34,174.35,429,6.0,87
-25.4,178.35,364,6.0,44
-21.7,169.98,196,6.3,39
-16.45,170.43,672,4.2,101
-35.62,176.55,616,4.9,26
-14.88,182.61,658,4.2,76
-17.8,179.58,176,4.5,89
-27.2,172.35,467,4.6,119
-12.59,175.34,491,5.1,39
-10.97,169.5,651,4.6,125
-32.88,167.35,180,4.2,102
-28.02,183.25,122,4.4,54
-12.77,171.63,216,4.4,88
-18.48,169.66,237,6.3,119
-37.25,181.2,663,5.8,129
-16.81,179.55,607,6.3,98
-15.52,179.89,460,5.1,60
-17.67,170.81,440,4.7,111
-16.31,170.9,510,5.9,115
-15.59,170.63,257,4.8,56
-33.39,169.57,671,4.7,62
-32.02,180.4,214,4.6,73
-20.93,184.72,62,4.3,127
-13.29,181.94,274,4.6,125
-29.78,183.46,52,4.9,131
-22.19,174.76,140,5.6,47
-19.56,180.36,575,4.2,73
-25.99,173.63,562,4.5,96
-18.7,177.47,491,5.9,98
-13.52,176.49,470,4.4,115
-21.2,169.64,645,4.8,16
-23.55,174.36,572,6.1,31
-26.36,187.32,332,4.4,90
-22.5,171.25,140,4.2,91
-28.69,168.68,541,5.2,122
-27.68,175.07,343,4.7,50
-23.77,183.42,579,5.4,83
-36.73,178.75,592,5.9,19
-32.21,180.96,394,4.3,66
-23.46,169.93,342,5.4,16
-26.56,179.57,535,5.2,121
-29.31,172.94,266,4.3,59
-18.23,184.41,275,5.5,111
-19.26,179.8,494,4.7,100
-33.94,170.14,52,5.2,61
-14.1,167.12,249,4.2,42
-24.78,166.63,436,5.1,10
-17.93,174.01,139,4.7,117
-22.62,171.64,70,6.0,62
-10.78,180.18,567,4.1,69
-17.62,176.89,368,5.0,43
-18.89,171.64,205,5.1,13
-16.89,169.02,498,5.7,26
-34.6,168.53,139,5.4,13
-32.89,185.09,660,5.6,52
-18.69,171.14,212,5.9,127
-24.82,180.31,201,6.1,99
-17.56,183.88,302,4.8,13
-35.72,179.46,313,5.3,10
-23.64,184.98,42,6.0,80
-28.03,174.48,67,6.4,103
-25.85,187.15,365,6.1,59
-21.76,168.66,188,4.9,82
-24.59,167.96,579,4.5,70
-23.54,180.46,527,5.2,44
-25.04,186.85,477,5.8,17
-27.19,183.84,104,5.2,33
-17.08,167.39,395,5.2,92
-38.25,171.94,572,6.0,45
-21.91,186.56,291,4.9,59
-22.83,171.35,274,6.1,125
-18.63,183.22,266,5.0,52
-21.9,184.2,564,4.8,36
-15.55,176.8,352,5.1,41
-11.86,174.35,88,5.8,87
-29.04,175.78,157,4.3,130
-32.25,170.77,93,4.5,27
-26.78,185.65,604,6.3,37
-30.57,175.79,83,4.4,38
-21.45,185.49,92,5.4,25
-13.18,168.04,625,5.4,108
-34.71,187.87,597,5.2,56
-35.78,175.63,564,5.5,68
-31.45,166.74,141,4.6,40
-18.35,166.52,437,5.3,13
-22.06,182.43,177,4.9,46
-35.74,180.47,426,5.6,26
-12.98,183.69,150,4.3,48
-16.57,168.04,653,5.4,57
-37.95,166.47,56,4.4,55
-20.44,177.09,221,4.7,99
-17.1,174.38,575,4.5,57
-28.15,176.05,580,4.4,48
-36.67,187.94,210,6.0,114
-36.44,187.47,448,4.7,13
-35.68,186.83,417,6.2,39
-15.17,183.28,227,6.3,39
-13.21,173.64,269,5.4,31
-35.17,174.93,158,4.3,84
-32.02,178.01,195,4.9,75
-33.98,184.32,504,5.9,117
-33.4,167.21,143,4.9,21
-15.25,175.2,643,4.2,103
-29.33,167.53,541,5.3,45
-29.91,177.23,214,6.0,27
-32.25,185.86,460,5.9,99
-21.65,183.24,173,4.4,62
-28.02,170.79,430,5.6,80
-17.85,187.59,540,4.5,10
-32.86,180.66,72,4.5,67
-16.63,165.9,94,6.1,99
-21.76,171.41,558,4.6,96
-35.41,171.53,677,4.6,99
-27.04,167.23,51,4.0,118
-14.52,187.23,567,6.1,15
-12.87,176.41,594,5.9,79
-25.61,185.79,412,5.5,53
-25.19,172.91,523,5.8,81
-12.99,168.48,267,4.4,33
-22.23,176.32,662,5.1,95
-37.67,168.23,346,4.8,28
-13.15,176.59,496,4.2,110
-31.67,186.34,199,5.2,27
-22.49,177.37,370,6.2,104
-33.98,179.52,264,4.1,110
-37.65,169.19,543,4.7,39
-29.91,166.65,495,4.5,130
-16.84,168.16,84,4.6,51
-30.85,179.11,253,6.2,42
-32.46,167.8,98,5.1,83
-32.66,174.11,655,5.1,110
-24.23,178.03,234,5.8,21
-11.4,174.4,528,4.4,127
-25.8,169.35,196,5.2,103
-23.06,171.82,649,5.0,36
-14.6,186.52,265,5.4,48
-23.68,180.85,451,6.4,18
-33.45,176.81,244,5.8,127
-30.24,165.96,118,5.0,30
-29.95,187.96,163,6.0,85
-27.52,180.75,510,4.4,128
-26.7,172.79,257,4.1,38
-16.3,185.42,555,4.5,42
-28.85,171.47,641,4.8,116
-25.54,177.89,143,5.2,71
-21.17,179.96,432,5.5,126
-28.06,170.64,670,6.2,24
-15.27,187.64,647,5.2,11
-22.22,182.47,473,5.2,61
-30.39,178.2,370,4.1,112
-18.69,169.73,182,4.1,126
-23.88,166.88,579,5.3,53
-23.69,172.86,317,5.1,63
-25.18,182.59,272,6.0,27
-24.74,171.72,568,4.4,12
-17.26,177.79,610,4.1,16
-35.72,182.02,129,5.1,52
-29.27,168.09,531,4.6,91
-36.49,181.06,238,4.1,117
-17.6,167.73,401,5.7,47
-31.0,187.35,480,4.3,46
-13.58,176.64,65,5.5,67
-23.91,169.05,64,4.7,42
-16.27,173.36,433,4.4,117
-11.31,174.96,546,4.9,68
-15.19,182.7,340,5.9,104
-14.43,182.37,378,4.9,131
-27.22,179.41,306,5.8,20
-23.21,168.05,500,4.3,77
-31.51,169.07,495,5.9,91
-33.12,167.78,399,4.6,77
-24.5,178.63,107,5.6,122
-22.01,185.37,451,5.4,107
-29.13,175.41,530,6.2,102
-22.72,169.28,88,4.9,97
-13.86,178.2,603,4.2,31
-23.07,183.9,141,4.0,75
-18.5,182.33,255,6.0,53
-16.15,185.47,477,5.3,15
-11.03,171.91,608,5.9,51
-21.78,170.03,598,4.6,34
-16.1,185.43,198,4.8,128
-11.76,180.44,528,4.1,66
-12.27,172.65,281,6.3,94
-34.66,182.34,44,5.6,64
-27.26,183.98,635,6.2,25
-29.56,179.48,400,4.6,104
-36.17,181.12,498,5.5,23
-20.94,174.1,287,5.6,48
-18.08,177.77,605,4.8,37
-14.95,177.44,461,6.0,105
-35.17,184.72,54,6.3,101
-14.16,184.54,612,6.1,60
-20.67,184.37,161,5.8,128
-18.97,165.92,316,4.7,58
-13.21,182.5,597,4.7,18
-21.18,182.71,492,6.3,67
-29.23,180.91,429,4.0,54
-15.59,182.66,333,5.7,31
-28.47,184.58,613,5.7,41
-37.64,176.23,637,5.5,78
-15.44,176.95,485,6.4,96
-28.97,168.47,249,4.7,78
-17.02,174.33,629,4.8,51
-28.48,180.12,341,4.2,62
-14.59,183.2,262,5.1,105
-32.47,170.55,42,4.6,68
-11.43,168.77,557,4.8,83
-16.86,180.56,132,6.0,48
-35.41,165.71,559,6.2,131
-22.82,169.68,467,4.4,24
-11.13,166.32,532,4.9,80
-25.46,169.42,274,6.2,38
-33.51,169.74,659,4.1,120
-25.08,174.38,200,4.2,12
-24.31,174.71,370,4.4,92
-17.92,185.31,372,5.4,19
-19.11,177.13,89,4.4,101
-27.37,181.92,562,6.3,38
-32.51,168.01,531,5.1,88
-20.61,170.73,621,5.2,44
-26.84,181.46,311,4.6,15
-34.9,166.86,619,5.1,21
-13.49,176.6,291,5.6,120
-19.33,179.13,599,5.8,47
-19.55,179.19,129,5.8,86
-15.66,166.19,485,5.4,102
-23.83,172.9,371,6.2,28
-15.87,179.97,178,6.0,76
-24.71,169.02,396,5.8,17
-36.72,181.29,640,4.1,17
-27.3,182.42,313,4.0,128
-24.73,187.73,58,4.5,131
-18.52,170.38,350,5.6,93
-35.62,184.2,193,5.0,56
-34.69,177.36,429,5.0,13
-31.24,174.06,299,6.1,60
-31.16,168.42,659,6.1,94
-18.18,182.19,610,6.2,76
-31.6,170.97,164,4.8,54
-20.95,174.01,393,5.7,17
-24.81,167.07,312,4.7,96
-22.61,183.67,658,4.5,25
-15.23,182.89,284,4.4,86
-27.32,182.15,489,4.8,76
-17.1,172.4,286,5.0,121
-26.83,169.57,559,6.0,18
-28.73,179.99,180,4.3,69
-11.87,176.81,401,5.8,87
-33.45,169.67,47,5.3,86
-36.07,181.08,517,4.7,126
-17.1,187.93,391,5.2,130
-36.69,182.45,534,4.7,80
-15.26,182.29,645,5.4,24
-26.41,187.01,466,5.0,80
-13.07,170.23,78,4.4,111
-18.48,178.37,632,4.3,107
-21.58,187.67,226,5.3,50
-12.13,169.38,635,6.2,31
-27.54,181.4,639,4.8,33
-12.0,178.83,132,5.8,122
-34.83,178.84,125,5.6,110
-25.11,181.34,83,6.2,53
-31.07,186.55,176,6.0,10
-23.54,183.25,460,5.4,19
-34.07,166.93,113,5.6,116
-15.14,184.82,587,6.2,89
-15.0,170.74,652,5.0,119
-11.97,174.14,551,4.8,81
-34.28,176.04,195,4.0,65
-21.22,176.47,294,6.0,122
-25.37,175.44,210,5.9,98
-28.99,186.72,209,4.3,59
-28.79,181.53,361,5.4,21
-27.09,179.85,606,5.1,98
-18.94,166.79,495,4.3,90
-21.92,185.97,642,6.4,69
-25.78,186.09,652,4.5,35
-36.47,183.19,194,4.2,119
-36.42,165.83,388,5.4,121
-38.52,166.96,490,5.8,87
-11.62,170.73,212,4.1,50
-38.44,168.62,49,5.6,45
-35.72,174.63,304,5.3,130
-29.82,186.39,477,4.2,32
-16.09,176.27,286,4.4,52
-11.78,165.97,585,5.4,15
-16.57,172.02,538,4.7,120
-19.34,166.67,168,6.3,78
-24.06,166.49,640,6.0,52
-36.17,171.86,644,6.4,34
-11.89,171.86,366,4.6,27
-17.45,183.35,443,6.3,71
-20.78,187.56,668,5.0,22
-17.44,174.01,645,4.8,52
-18.41,175.3,650,4.1,87
-20.83,184.64,664,4.1,37
-11.26,171.69,398,5.7,27
-13.41,169.18,642,5.1,68
-20.57,184.83,56,4.5,69
-19.27,166.71,313,5.5,72
-37.15,179.59,155,4.6,66
-19.92,178.29,130,5.4,101
-37.36,173.44,121,4.9,60
-22.2,172.75,363,6.0,65
-10.74,183.01,153,6.0,36
-23.1,167.61,97,5.1,41
-25.4,170.99,193,4.8,120
-29.87,182.12,443,4.9,18
-35.23,177.99,667,5.9,113
-18.22,168.54,305,4.8,105
-33.22,185.48,354,4.5,93
-35.38,174.51,80,4.2,101
-26.84,184.26,144,5.1,106
-16.42,183.36,232,5.2,77
-17.83,179.69,440,6.0,55
-37.06,176.78,317,4.5,130
-25.91,187.67,393,4.9,107
-24.03,168.93,619,5.9,121
-20.63,181.96,295,6.0,76
-20.47,169.96,138,4.9,35
-28.43,173.27,627,5.1,17
-22.96,172.6,321,4.7,15
-25.18,186.94,442,6.2,89
-13.93,187.4,148,4.3,33
-23.81,169.78,238,6.2,57
-26.3,166.16,342,5.6,112
-27.32,181.84,366,5.3,103
-22.64,175.06,193,4.1,54
-16.18,167.67,591,5.1,22
-23.58,181.03,444,5.0,78
-20.15,177.91,501,4.4,34
-18.03,187.69,171,5.6,29
-24.09,170.78,123,6.3,127
-26.69,174.74,438,5.3,91
-14.16,177.86,667,5.7,120
-26.95,183.45,148,4.2,91
-25.72,178.0,260,5.0,75
-10.99,179.44,592,4.3,83
-38.58,170.75,407,5.5,128
-33.42,184.69,186,6.3,54
-27.89,175.3,151,5.6,123
-12.6,168.84,654,4.2,56
-36.64,180.59,597,4.9,72
-38.33,170.52,533,5.3,85
-37.12,167.86,544,5.0,120
-36.12,185.03,514,6.0,86
-37.54,176.01,310,6.0,123
-25.22,182.5,460,5.5,120
-22.4,172.2,406,4.9,130
-31.02,183.35,319,4.6,64
-27.49,168.18,322,4.3,84
-36.03,173.67,79,4.9,28
-29.22,187.64,228,5.0,44
-24.03,183.5,203,5.6,112
-18.18,176.84,575,5.6,62
-38.5,173.3,575,4.2,35
-25.57,185.26,43,4.9,119
-30.31,177.91,329,4.4,23
-14.82,182.7,472,4.4,127
-18.65,182.61,510,6.0,54
-22.17,166.07,220,4.1,53
-30.86,168.51,287,5.0,97
-13.22,180.49,667,4.4,114
-37.33,169.3,318,6.1,74
-35.54,171.41,620,5.3,60
-27.68,186.93,293,4.6,52
-35.12,178.25,220,5.2,128
-11.93,182.53,548,5.8,95
-16.35,178.2,605,6.3,32
-31.37,178.08,365,4.5,65
-22.19,167.78,396,6.1,127
-11.21,173.39,430,6.2,28
-13.95,172.01,654,6.2,91
-21.85,174.45,124,5.5,85
-13.4,183.6,356,5.5,64
-11.02,174.02,251,5.0,101
-17.87,175.82,554,5.8,101
-36.78,174.6,423,5.3,69
-27.4,167.77,381,5.6,68
-15.24,175.58,77,5.0,42
-32.16,170.06,550,5.8,28
-15.44,169.86,459,6.0,37
-35.24,167.78,208,4.4,61
-37.28,173.68,382,6.0,58
-27.89,182.68,345,5.3,46
-37.57,171.88,581,6.0,35
-11.91,172.69,576,5.0,108
-15.56,180.1,151,4.9,107
-16.27,170.07,450,6.2,108
-21.04,185.82,245,4.6,49
-32.56,177.35,224,6.0,89
-24.15,175.72,421,5.2,47
-21.94,178.2,535,5.2,86
-23.96,169.4,418,4.7,96
-31.34,179.45,86,5.4,63
-24.23,173.83,590,4.8,31
-24.9,185.82,567,4.1,25
-10.82,169.46,543,4.7,37
-13.58,177.06,61,4.0,121
-25.68,179.1,252,6.3,44
-21.23,166.42,349,6.3,69
-17.75,173.84,311,4.9,54
-37.62,182.12,610,5.7,55
-13.65,184.1,241,4.8,81
-14.62,172.7,71,5.6,117
-25.84,183.61,482,5.9,64
-27.69,187.41,201,6.3,128
-30.98,184.92,293,5.0,95
-25.31,168.31,560,5.9,94
-37.35,182.28,519,4.6,35
-14.84,172.85,49,6.4,113
-37.6,187.87,544,4.1,94
-29.42,176.57,599,5.4,34
-12.63,168.42,475,5.6,114
-18.1,181.96,150,5.7,74
-30.75,172.92,192,4.3,15
-31.55,188.06,674,6.3,32
-38.45,187.68,141,4.4,124
-19.2,180.41,230,5.5,73
-37.23,168.59,602,4.5,96
-23.75,181.1,120,4.7,52
-11.78,167.76,528,5.3,116
-35.54,166.33,127,5.0,32
-13.66,184.15,233,4.4,105
-10.96,170.38,143,4.4,39
-36.88,174.18,135,5.0,86
-13.98,187.53,462,5.8,116
-24.21,173.24,237,6.2,27
-13.33,172.33,40,4.2,96
-22.67,186.29,446,4.9,88
-20.14,168.16,417,4.2,106
-23.43,182.73,206,4.0,30
-14.5,187.86,548,5.6,66
-18.14,185.91,677,5.4,112
-24.06,180.31,352,4.4,32
-14.39,172.72,632,4.6,100
-31.75,171.38,457,4.1,54
-34.2,184.07,516,6.0,53
-34.12,185.43,112,6.3,91
-29.28,177.47,180,4.3,97
-31.94,171.16,621,4.6,124
-12.67,168.21,301,6.1,56
-35.64,167.63,379,6.2,49
-19.11,181.82,347,5.0,60
-33.32,175.11,284,4.1,51
-14.02,186.0,554,4.1,16
-11.8,182.28,376,5.4,59
-25.62,169.97,614,4.9,57
-14.09,179.46,600,4.1,93
-38.45,175.45,115,5.4,100
-15.74,178.64,214,4.0,15
-32.22,182.25,148,5.9,100
-13.26,183.78,222,4.7,18
-38.56,184.62,231,4.1,126
-23.09,171.37,104,5.4,118
-17.5,166.37,513,5.0,66
-31.38,182.27,139,6.3,40
-33.21,168.06,583,5.3,30
-36.25,172.74,167,4.7,99
-29.49,165.76,491,5.7,49
