x,y,elevation
1,1,99.37
2,1,100.73
3,1,98.4
4,1,100.85
5,1,101.2
6,1,99.33
7,1,98.69
8,1,100.5
9,1,99.96
10,1,100.85
11,1,103.59
12,1,100.63
13,1,99.26
14,1,98.81
15,1,98.93
16,1,97.76
17,1,102.6
18,1,96.31
19,1,101.8
20,1,99.13
21,1,99.89
22,1,99.15
23,1,103.88
24,1,101.05
25,1,102.63
26,1,103.67
27,1,101.42
28,1,98.71
29,1,100.67
30,1,99.63
31,1,100.11
32,1,100.92
33,1,100.82
34,1,101.9
35,1,102.16
36,1,100.75
37,1,101.79
38,1,99.85
39,1,103.54
40,1,99.74
41,1,103.22
42,1,97.83
43,1,99.97
44,1,100.02
45,1,101.19
46,1,102.31
47,1,98.04
48,1,98.28
49,1,97.65
50,1,103.05
51,1,100.97
52,1,98.16
53,1,99.41
54,1,102.63
55,1,99.68
56,1,99.53
57,1,98.62
58,1,98.11
59,1,102.5
60,1,103.47
61,1,98.13
1,2,102.98
2,2,99.22
3,2,101.29
4,2,103.07
5,2,99.99
6,2,99.66
7,2,101.96
8,2,98.18
9,2,102.74
10,2,100.78
11,2,99.39
12,2,99.39
13,2,97.89
14,2,99.64
15,2,100.24
16,2,98.71
17,2,100.8
18,2,101.89
19,2,100.57
20,2,102.38
21,2,99.49
22,2,103.16
23,2,101.44
24,2,104.33
25,2,106.1
26,2,100.36
27,2,100.46
28,2,100.85
29,2,102.54
30,2,104.0
31,2,100.04
32,2,102.1
33,2,101.05
34,2,102.54
35,2,104.29
36,2,100.76
37,2,97.86
38,2,102.64
39,2,99.44
40,2,100.77
41,2,102.57
42,2,101.54
43,2,100.68
44,2,99.68
45,2,94.97
46,2,102.11
47,2,100.15
48,2,103.63
49,2,101.34
50,2,99.42
51,2,102.58
52,2,102.71
53,2,99.92
54,2,102.71
55,2,99.17
56,2,100.57
57,2,101.36
58,2,101.76
59,2,101.41
60,2,99.48
61,2,102.31
1,3,99.95
2,3,99.09
3,3,99.16
4,3,104.18
5,3,98.86
6,3,102.97
7,3,98.16
8,3,101.46
9,3,101.14
10,3,103.84
11,3,99.35
12,3,98.86
13,3,100.56
14,3,104.19
15,3,99.16
16,3,95.82
17,3,101.19
18,3,103.04
19,3,99.18
20,3,102.97
21,3,99.26
22,3,101.1
23,3,102.95
24,3,99.12
25,3,101.9
26,3,104.0
27,3,102.54
28,3,100.17
29,3,104.66
30,3,102.95
31,3,97.91
32,3,103.34
33,3,100.45
34,3,101.96
35,3,103.55
36,3,100.39
37,3,98.15
38,3,104.4
39,3,103.66
40,3,101.1
41,3,102.91
42,3,100.4
43,3,101.26
44,3,100.71
45,3,100.27
46,3,101.58
47,3,98.38
48,3,100.22
49,3,101.29
50,3,104.28
51,3,98.21
52,3,101.53
53,3,101.7
54,3,96.63
55,3,101.16
56,3,102.06
57,3,101.44
58,3,100.06
59,3,100.87
60,3,100.51
61,3,96.77
1,4,100.63
2,4,99.54
3,4,98.91
4,4,105.33
5,4,102.92
6,4,98.16
7,4,101.22
8,4,103.5
9,4,97.66
10,4,100.87
11,4,101.04
12,4,98.32
13,4,101.71
14,4,103.27
15,4,104.13
16,4,100.7
17,4,106.29
18,4,97.25
19,4,102.16
20,4,98.7
21,4,101.78
22,4,100.62
23,4,102.75
24,4,101.54
25,4,100.19
26,4,100.36
27,4,105.78
28,4,102.83
29,4,98.55
30,4,103.06
31,4,101.56
32,4,101.95
33,4,103.55
34,4,104.25
35,4,100.12
36,4,101.73
37,4,100.64
38,4,102.86
39,4,101.13
40,4,101.58
41,4,100.91
42,4,101.15
43,4,104.69
44,4,105.98
45,4,101.87
46,4,100.83
47,4,97.76
48,4,99.35
49,4,100.54
50,4,99.29
51,4,99.43
52,4,103.73
53,4,100.58
54,4,100.7
55,4,99.06
56,4,102.72
57,4,99.89
58,4,99.23
59,4,97.08
60,4,100.08
61,4,99.07
1,5,103.65
2,5,104.02
3,5,97.91
4,5,98.19
5,5,99.94
6,5,98.92
7,5,101.06
8,5,100.04
9,5,101.34
10,5,102.89
11,5,98.82
12,5,103.03
13,5,99.68
14,5,105.53
15,5,104.57
16,5,101.21
17,5,99.61
18,5,99.32
19,5,103.48
20,5,101.76
21,5,103.76
22,5,106.4
23,5,100.53
24,5,99.68
25,5,102.58
26,5,104.54
27,5,100.41
28,5,102.38
29,5,105.07
30,5,99.07
31,5,102.8
32,5,101.24
33,5,102.53
34,5,103.67
35,5,102.64
36,5,100.12
37,5,101.07
38,5,104.85
39,5,102.57
40,5,103.5
41,5,102.23
42,5,103.25
43,5,100.74
44,5,99.9
45,5,102.86
46,5,103.49
47,5,99.31
48,5,99.89
49,5,100.62
50,5,104.1
51,5,101.9
52,5,98.05
53,5,100.44
54,5,100.06
55,5,98.14
56,5,100.22
57,5,99.8
58,5,99.61
59,5,99.47
60,5,103.19
61,5,99.48
1,6,100.44
2,6,100.27
3,6,99.44
4,6,100.67
5,6,100.71
6,6,100.82
7,6,99.02
8,6,100.42
9,6,102.44
10,6,100.66
11,6,101.45
12,6,101.57
13,6,102.18
14,6,102.58
15,6,101.24
16,6,99.88
17,6,99.38
18,6,103.97
19,6,103.59
20,6,103.46
21,6,103.89
22,6,102.04
23,6,101.21
24,6,100.58
25,6,100.43
26,6,105.09
27,6,101.73
28,6,104.86
29,6,102.4
30,6,101.43
31,6,100.58
32,6,101.57
33,6,105.55
34,6,100.5
35,6,106.84
36,6,100.86
37,6,103.96
38,6,102.08
39,6,101.63
40,6,99.62
41,6,101.86
42,6,99.62
43,6,98.46
44,6,101.94
45,6,100.31
46,6,104.83
47,6,103.35
48,6,104.63
49,6,99.77
50,6,101.29
51,6,95.68
52,6,100.27
53,6,100.94
54,6,100.97
55,6,100.5
56,6,100.65
57,6,95.02
58,6,100.9
59,6,101.31
60,6,102.97
61,6,100.99
1,7,100.14
2,7,102.67
3,7,95.82
4,7,99.58
5,7,99.16
6,7,100.71
7,7,96.48
8,7,103.62
9,7,100.59
10,7,101.85
11,7,101.78
12,7,103.99
13,7,97.87
14,7,101.96
15,7,104.16
16,7,101.82
17,7,100.25
18,7,101.08
19,7,101.64
20,7,101.12
21,7,102.38
22,7,105.82
23,7,101.71
24,7,102.03
25,7,104.01
26,7,102.81
27,7,100.55
28,7,103.13
29,7,103.08
30,7,105.24
31,7,101.33
32,7,105.22
33,7,103.02
34,7,100.94
35,7,100.47
36,7,106.87
37,7,102.59
38,7,104.67
39,7,99.27
40,7,107.83
41,7,104.21
42,7,101.78
43,7,101.54
44,7,103.48
45,7,103.23
46,7,102.1
47,7,101.62
48,7,102.58
49,7,97.85
50,7,100.47
51,7,97.8
52,7,102.19
53,7,99.52
54,7,97.64
55,7,99.1
56,7,100.9
57,7,100.12
58,7,98.12
59,7,96.99
60,7,100.49
61,7,99.14
1,8,99.96
2,8,100.23
3,8,101.48
4,8,102.41
5,8,101.1
6,8,100.27
7,8,101.08
8,8,100.47
9,8,98.0
10,8,103.61
11,8,103.37
12,8,105.7
13,8,106.44
14,8,99.69
15,8,101.53
16,8,107.39
17,8,102.45
18,8,103.19
19,8,99.81
20,8,103.31
21,8,107.02
22,8,105.87
23,8,102.2
24,8,102.74
25,8,101.37
26,8,102.01
27,8,99.96
28,8,103.66
29,8,106.88
30,8,104.58
31,8,106.59
32,8,105.97
33,8,102.69
34,8,102.19
35,8,102.19
36,8,100.1
37,8,103.48
38,8,97.48
39,8,104.34
40,8,103.15
41,8,103.8
42,8,104.81
43,8,102.93
44,8,105.63
45,8,103.45
46,8,100.52
47,8,101.4
48,8,97.2
49,8,99.76
50,8,100.66
51,8,102.38
52,8,99.65
53,8,98.54
54,8,97.14
55,8,99.62
56,8,104.61
57,8,101.17
58,8,102.42
59,8,98.67
60,8,97.26
61,8,97.91
1,9,100.36
2,9,96.65
3,9,98.72
4,9,99.66
5,9,98.31
6,9,96.82
7,9,101.78
8,9,101.44
9,9,103.06
10,9,99.44
11,9,103.35
12,9,105.07
13,9,102.72
14,9,101.17
15,9,102.87
16,9,101.46
17,9,101.32
18,9,104.52
19,9,103.07
20,9,105.93
21,9,102.81
22,9,103.17
23,9,102.87
24,9,101.89
25,9,105.88
26,9,108.72
27,9,103.66
28,9,103.12
29,9,103.02
30,9,103.17
31,9,107.81
32,9,103.04
33,9,103.25
34,9,101.87
35,9,104.84
36,9,104.0
37,9,101.73
38,9,102.07
39,9,106.76
40,9,103.59
41,9,103.55
42,9,103.37
43,9,105.75
44,9,100.68
45,9,101.79
46,9,102.05
47,9,98.75
48,9,100.18
49,9,103.93
50,9,103.18
51,9,103.38
52,9,100.17
53,9,100.27
54,9,97.5
55,9,102.81
56,9,103.03
57,9,102.9
58,9,103.85
59,9,101.4
60,9,103.59
61,9,100.01
1,10,97.11
2,10,102.46
3,10,97.24
4,10,101.31
5,10,103.02
6,10,101.9
7,10,105.96
8,10,97.64
9,10,101.58
10,10,101.97
11,10,99.45
12,10,100.04
13,10,100.87
14,10,100.58
15,10,102.79
16,10,102.02
17,10,104.09
18,10,104.98
19,10,105.06
20,10,103.28
21,10,104.87
22,10,106.56
23,10,105.55
24,10,108.53
25,10,106.92
26,10,108.5
27,10,100.17
28,10,105.41
29,10,104.61
30,10,105.02
31,10,103.65
32,10,106.01
33,10,101.54
34,10,105.87
35,10,103.41
36,10,103.82
37,10,105.54
38,10,104.65
39,10,106.41
40,10,102.17
41,10,103.73
42,10,105.45
43,10,104.18
44,10,104.08
45,10,105.22
46,10,101.97
47,10,101.33
48,10,103.5
49,10,101.84
50,10,104.18
51,10,102.49
52,10,100.32
53,10,102.08
54,10,99.44
55,10,103.0
56,10,98.18
57,10,103.3
58,10,101.38
59,10,100.31
60,10,102.08
61,10,101.5
1,11,103.41
2,11,103.5
3,11,101.69
4,11,99.38
5,11,100.2
6,11,101.3
7,11,103.79
8,11,100.91
9,11,101.28
10,11,105.94
11,11,102.27
12,11,101.45
13,11,104.52
14,11,103.11
15,11,100.7
16,11,105.82
17,11,102.51
18,11,104.35
19,11,104.38
20,11,105.22
21,11,100.61
22,11,104.53
23,11,107.65
24,11,108.11
25,11,103.75
26,11,107.71
27,11,104.45
28,11,105.3
29,11,105.45
30,11,106.33
31,11,108.1
32,11,106.58
33,11,105.72
34,11,107.8
35,11,104.13
36,11,105.43
37,11,107.39
38,11,106.26
39,11,104.06
40,11,101.73
41,11,105.13
42,11,101.1
43,11,103.58
44,11,106.1
45,11,104.67
46,11,99.17
47,11,103.37
48,11,102.08
49,11,99.93
50,11,102.92
51,11,101.04
52,11,100.85
53,11,101.88
54,11,100.2
55,11,101.47
56,11,99.94
57,11,99.91
58,11,102.85
59,11,102.94
60,11,97.23
61,11,102.05
1,12,103.66
2,12,104.11
3,12,102.18
4,12,99.18
5,12,102.74
6,12,99.93
7,12,101.19
8,12,102.87
9,12,100.73
10,12,100.3
11,12,103.79
12,12,106.87
13,12,105.91
14,12,105.13
15,12,105.97
16,12,105.59
17,12,105.52
18,12,106.71
19,12,102.47
20,12,105.88
21,12,105.59
22,12,106.16
23,12,105.31
24,12,107.48
25,12,104.98
26,12,105.7
27,12,105.58
28,12,108.7
29,12,107.0
30,12,106.12
31,12,106.28
32,12,106.98
33,12,110.13
34,12,104.29
35,12,107.97
36,12,107.38
37,12,104.46
38,12,108.94
39,12,106.83
40,12,104.47
41,12,101.49
42,12,105.37
43,12,104.53
44,12,102.25
45,12,101.93
46,12,105.45
47,12,99.51
48,12,103.76
49,12,102.48
50,12,103.59
51,12,101.75
52,12,102.69
53,12,100.39
54,12,101.57
55,12,102.45
56,12,101.6
57,12,101.9
58,12,99.14
59,12,99.68
60,12,99.6
61,12,100.08
1,13,103.7
2,13,100.43
3,13,99.02
4,13,102.57
5,13,104.39
6,13,99.39
7,13,106.1
8,13,103.24
9,13,104.75
10,13,105.91
11,13,105.22
12,13,103.37
13,13,106.36
14,13,104.77
15,13,106.79
16,13,107.35
17,13,103.11
18,13,107.23
19,13,105.61
20,13,106.57
21,13,106.85
22,13,107.06
23,13,110.2
24,13,104.65
25,13,104.15
26,13,103.9
27,13,110.04
28,13,106.45
29,13,108.33
30,13,107.85
31,13,106.29
32,13,109.7
33,13,107.65
34,13,107.29
35,13,108.06
36,13,108.83
37,13,105.23
38,13,108.63
39,13,109.5
40,13,103.44
41,13,106.53
42,13,105.03
43,13,106.69
44,13,102.52
45,13,107.86
46,13,101.05
47,13,103.44
48,13,104.46
49,13,101.9
50,13,101.29
51,13,103.13
52,13,102.57
53,13,102.17
54,13,103.63
55,13,100.9
56,13,102.13
57,13,100.29
58,13,99.44
59,13,100.42
60,13,99.85
61,13,99.83
1,14,103.46
2,14,100.79
3,14,100.17
4,14,101.76
5,14,102.14
6,14,99.81
7,14,101.86
8,14,102.07
9,14,102.72
10,14,104.85
11,14,104.01
12,14,106.56
13,14,104.46
14,14,108.42
15,14,104.34
16,14,104.11
17,14,107.14
18,14,109.16
19,14,104.06
20,14,106.79
21,14,106.31
22,14,108.15
23,14,108.18
24,14,111.12
25,14,108.45
26,14,111.61
27,14,108.39
28,14,110.99
29,14,109.66
30,14,112.69
31,14,106.25
32,14,106.81
33,14,112.68
34,14,107.4
35,14,107.33
36,14,106.68
37,14,110.46
38,14,105.35
39,14,107.58
40,14,106.65
41,14,108.89
42,14,105.31
43,14,106.88
44,14,103.31
45,14,109.8
46,14,104.39
47,14,104.5
48,14,107.41
49,14,102.57
50,14,106.73
51,14,102.24
52,14,104.09
53,14,101.31
54,14,99.47
55,14,102.76
56,14,102.98
57,14,98.86
58,14,100.69
59,14,103.53
60,14,102.17
61,14,100.04
1,15,100.09
2,15,105.37
3,15,98.8
4,15,101.82
5,15,99.27
6,15,105.11
7,15,102.78
8,15,103.48
9,15,109.02
10,15,102.67
11,15,107.75
12,15,103.88
13,15,104.62
14,15,110.8
15,15,105.65
16,15,103.67
17,15,107.43
18,15,106.97
19,15,108.48
20,15,107.9
21,15,112.99
22,15,110.04
23,15,107.12
24,15,109.83
25,15,108.25
26,15,109.57
27,15,108.43
28,15,114.59
29,15,109.07
30,15,111.86
31,15,109.81
32,15,108.06
33,15,110.64
34,15,110.87
35,15,110.96
36,15,104.33
37,15,106.8
38,15,110.85
39,15,106.71
40,15,108.57
41,15,105.23
42,15,108.78
43,15,108.73
44,15,107.88
45,15,108.04
46,15,108.65
47,15,102.74
48,15,103.09
49,15,106.05
50,15,106.12
51,15,102.13
52,15,101.64
53,15,101.49
54,15,99.27
55,15,99.65
56,15,99.44
57,15,101.11
58,15,102.02
59,15,102.15
60,15,100.09
61,15,99.98
1,16,101.69
2,16,98.68
3,16,103.83
4,16,104.76
5,16,101.23
6,16,102.01
7,16,105.64
8,16,103.29
9,16,105.11
10,16,104.17
11,16,107.92
12,16,106.25
13,16,106.85
14,16,107.38
15,16,105.64
16,16,106.33
17,16,109.3
18,16,108.52
19,16,106.4
20,16,112.97
21,16,111.63
22,16,110.17
23,16,109.93
24,16,111.22
25,16,112.16
26,16,107.32
27,16,115.81
28,16,110.15
29,16,111.81
30,16,111.92
31,16,115.81
32,16,111.55
33,16,114.76
34,16,112.2
35,16,109.2
36,16,111.1
37,16,110.24
38,16,107.93
39,16,110.39
40,16,109.27
41,16,109.87
42,16,108.65
43,16,106.46
44,16,108.79
45,16,105.5
46,16,100.05
47,16,106.01
48,16,104.16
49,16,105.57
50,16,108.36
51,16,107.99
52,16,103.2
53,16,101.5
54,16,103.98
55,16,101.74
56,16,102.97
57,16,100.59
58,16,102.17
59,16,99.82
60,16,103.62
61,16,99.89
1,17,102.95
2,17,99.35
3,17,103.72
4,17,100.53
5,17,103.32
6,17,105.2
7,17,103.15
8,17,101.91
9,17,105.42
10,17,103.22
11,17,104.59
12,17,106.46
13,17,109.19
14,17,107.08
15,17,107.64
16,17,109.64
17,17,108.83
18,17,110.57
19,17,112.0
20,17,109.72
21,17,104.33
22,17,109.72
23,17,114.2
24,17,112.11
25,17,111.84
26,17,115.13
27,17,112.82
28,17,109.01
29,17,110.28
30,17,114.16
31,17,113.16
32,17,116.1
33,17,111.56
34,17,112.18
35,17,110.75
36,17,111.14
37,17,108.0
38,17,110.58
39,17,110.78
40,17,110.1
41,17,114.14
42,17,112.96
43,17,107.23
44,17,104.07
45,17,107.39
46,17,107.78
47,17,104.75
48,17,104.31
49,17,108.57
50,17,104.39
51,17,105.75
52,17,102.11
53,17,103.44
54,17,102.48
55,17,101.44
56,17,104.77
57,17,99.38
58,17,102.48
59,17,100.92
60,17,102.23
61,17,100.52
1,18,103.56
2,18,100.22
3,18,104.72
4,18,102.69
5,18,100.47
6,18,104.89
7,18,103.58
8,18,101.03
9,18,105.62
10,18,107.5
11,18,108.61
12,18,105.88
13,18,107.53
14,18,107.96
15,18,111.47
16,18,107.51
17,18,108.84
18,18,108.73
19,18,108.12
20,18,112.11
21,18,115.38
22,18,112.31
23,18,111.43
24,18,114.0
25,18,115.18
26,18,114.01
27,18,117.39
28,18,113.14
29,18,114.3
30,18,115.5
31,18,115.66
32,18,114.86
33,18,112.02
34,18,119.0
35,18,113.53
36,18,113.85
37,18,114.42
38,18,111.43
39,18,112.29
40,18,110.26
41,18,111.85
42,18,109.85
43,18,110.31
44,18,107.04
45,18,106.84
46,18,105.13
47,18,105.82
48,18,101.49
49,18,105.43
50,18,104.42
51,18,105.25
52,18,104.54
53,18,106.49
54,18,108.72
55,18,105.4
56,18,101.84
57,18,101.42
58,18,103.84
59,18,98.45
60,18,100.94
61,18,100.87
1,19,103.2
2,19,103.57
3,19,101.19
4,19,102.23
5,19,104.37
6,19,102.34
7,19,106.84
8,19,106.17
9,19,105.86
10,19,106.89
11,19,105.8
12,19,106.13
13,19,107.21
14,19,109.75
15,19,109.86
16,19,109.33
17,19,112.38
18,19,111.23
19,19,110.88
20,19,113.44
21,19,111.53
22,19,110.77
23,19,114.68
24,19,113.86
25,19,115.09
26,19,114.02
27,19,118.65
28,19,115.11
29,19,115.7
30,19,117.36
31,19,113.81
32,19,113.54
33,19,116.99
34,19,115.06
35,19,113.79
36,19,116.38
37,19,113.06
38,19,113.6
39,19,111.77
40,19,113.54
41,19,114.93
42,19,107.86
43,19,111.11
44,19,111.88
45,19,108.62
46,19,106.49
47,19,108.9
48,19,109.39
49,19,108.51
50,19,106.84
51,19,105.71
52,19,103.15
53,19,106.15
54,19,105.55
55,19,101.2
56,19,103.79
57,19,103.99
58,19,104.1
59,19,101.88
60,19,100.03
61,19,100.5
1,20,100.23
2,20,102.49
3,20,102.48
4,20,107.68
5,20,105.64
6,20,106.3
7,20,105.84
8,20,104.75
9,20,105.56
10,20,106.4
11,20,107.84
12,20,108.96
13,20,108.93
14,20,109.12
15,20,109.29
16,20,108.48
17,20,114.62
18,20,117.24
19,20,115.99
20,20,111.81
21,20,116.6
22,20,117.72
23,20,115.47
24,20,117.79
25,20,116.37
26,20,120.73
27,20,118.72
28,20,116.38
29,20,119.69
30,20,120.51
31,20,118.74
32,20,119.17
33,20,117.85
34,20,115.4
35,20,116.98
36,20,117.86
37,20,116.02
38,20,117.28
39,20,114.24
40,20,113.67
41,20,115.25
42,20,113.28
43,20,111.23
44,20,113.34
45,20,109.1
46,20,108.25
47,20,103.27
48,20,107.07
49,20,110.08
50,20,102.62
51,20,104.2
52,20,106.36
53,20,100.41
54,20,103.34
55,20,106.14
56,20,107.48
57,20,103.55
58,20,100.74
59,20,100.33
60,20,102.23
61,20,102.23
1,21,106.19
2,21,104.8
3,21,103.45
4,21,103.07
5,21,110.28
6,21,106.06
7,21,104.07
8,21,105.6
9,21,104.98
10,21,102.65
11,21,108.85
12,21,112.59
13,21,106.58
14,21,110.8
15,21,110.14
16,21,113.47
17,21,112.95
18,21,111.43
19,21,113.02
20,21,114.13
21,21,119.25
22,21,119.87
23,21,117.32
24,21,120.99
25,21,118.7
26,21,118.83
27,21,119.94
28,21,120.65
29,21,119.12
30,21,120.32
31,21,121.8
32,21,120.34
33,21,119.91
34,21,120.47
35,21,120.38
36,21,118.41
37,21,116.99
38,21,117.66
39,21,113.37
40,21,115.37
41,21,110.04
42,21,110.8
43,21,109.64
44,21,114.52
45,21,111.58
46,21,108.17
47,21,110.83
48,21,111.0
49,21,109.24
50,21,107.08
51,21,107.2
52,21,107.85
53,21,104.46
54,21,104.86
55,21,103.74
56,21,100.51
57,21,105.11
58,21,106.97
59,21,100.73
60,21,104.06
61,21,100.15
1,22,102.98
2,22,106.15
3,22,102.55
4,22,104.07
5,22,101.06
6,22,103.94
7,22,102.11
8,22,107.49
9,22,109.05
10,22,107.74
11,22,109.59
12,22,109.24
13,22,112.28
14,22,111.99
15,22,108.7
16,22,115.51
17,22,113.8
18,22,112.98
19,22,115.56
20,22,113.52
21,22,115.67
22,22,119.24
23,22,120.13
24,22,120.94
25,22,120.9
26,22,119.99
27,22,121.64
28,22,121.15
29,22,118.94
30,22,120.7
31,22,123.97
32,22,125.2
33,22,123.05
34,22,124.46
35,22,121.07
36,22,123.81
37,22,123.79
38,22,115.49
39,22,118.61
40,22,117.5
41,22,115.59
42,22,116.5
43,22,114.66
44,22,112.16
45,22,112.62
46,22,114.14
47,22,111.16
48,22,111.15
49,22,108.47
50,22,109.09
51,22,104.97
52,22,105.63
53,22,105.72
54,22,102.72
55,22,103.0
56,22,104.73
57,22,103.85
58,22,104.75
59,22,101.52
60,22,102.46
61,22,100.67
1,23,104.38
2,23,105.8
3,23,104.89
4,23,106.6
5,23,105.15
6,23,107.36
7,23,106.62
8,23,105.19
9,23,108.55
10,23,106.94
11,23,114.52
12,23,110.13
13,23,113.08
14,23,112.78
15,23,111.37
16,23,111.08
17,23,117.41
18,23,120.04
19,23,116.47
20,23,115.59
21,23,119.18
22,23,118.81
23,23,120.18
24,23,123.41
25,23,122.71
26,23,121.67
27,23,124.91
28,23,125.37
29,23,123.54
30,23,124.55
31,23,125.26
32,23,124.89
33,23,123.82
34,23,126.19
35,23,123.97
36,23,121.29
37,23,120.59
38,23,119.57
39,23,121.09
40,23,117.66
41,23,117.09
42,23,119.05
43,23,116.29
44,23,117.27
45,23,115.43
46,23,110.45
47,23,111.58
48,23,112.78
49,23,107.4
50,23,109.77
51,23,107.98
52,23,103.73
53,23,106.71
54,23,104.08
55,23,102.75
56,23,104.5
57,23,100.06
58,23,102.07
59,23,108.07
60,23,103.86
61,23,100.43
1,24,106.03
2,24,101.73
3,24,103.15
4,24,102.57
5,24,106.04
6,24,108.98
7,24,105.03
8,24,103.74
9,24,110.94
10,24,112.81
11,24,106.7
12,24,112.65
13,24,113.25
14,24,112.33
15,24,112.23
16,24,118.14
17,24,117.64
18,24,118.9
19,24,118.24
20,24,118.93
21,24,116.62
22,24,122.01
23,24,126.2
24,24,122.31
25,24,121.72
26,24,126.2
27,24,127.02
28,24,124.93
29,24,125.6
30,24,126.89
31,24,125.99
32,24,128.1
33,24,130.65
34,24,121.91
35,24,127.23
36,24,124.31
37,24,126.1
38,24,123.92
39,24,121.65
40,24,122.05
41,24,118.69
42,24,116.85
43,24,118.9
44,24,114.46
45,24,116.31
46,24,113.96
47,24,108.14
48,24,110.58
49,24,111.36
50,24,108.89
51,24,103.66
52,24,110.5
53,24,107.36
54,24,107.13
55,24,104.58
56,24,105.93
57,24,107.93
58,24,102.24
59,24,106.55
60,24,103.58
61,24,100.65
1,25,107.9
2,25,104.8
3,25,105.96
4,25,104.72
5,25,104.38
6,25,107.09
7,25,110.75
8,25,107.88
9,25,109.41
10,25,113.39
11,25,110.95
12,25,113.69
13,25,115.59
14,25,114.63
15,25,116.85
16,25,118.78
17,25,117.87
18,25,121.51
19,25,119.96
20,25,120.84
21,25,120.21
22,25,123.27
23,25,123.57
24,25,125.24
25,25,127.99
26,25,123.92
27,25,123.91
28,25,126.71
29,25,129.34
30,25,129.07
31,25,126.89
32,25,130.54
33,25,126.54
34,25,128.3
35,25,126.04
36,25,124.3
37,25,123.99
38,25,125.74
39,25,123.99
40,25,124.12
41,25,121.77
42,25,116.65
43,25,122.9
44,25,118.2
45,25,117.26
46,25,114.27
47,25,116.06
48,25,110.49
49,25,112.77
50,25,106.32
51,25,110.81
52,25,106.34
53,25,108.15
54,25,109.46
55,25,107.62
56,25,107.71
57,25,106.85
58,25,102.96
59,25,104.68
60,25,99.55
61,25,101.2
1,26,106.53
2,26,103.54
3,26,101.21
4,26,109.68
5,26,107.55
6,26,108.79
7,26,106.2
8,26,109.7
9,26,110.69
10,26,109.63
11,26,112.08
12,26,110.63
13,26,114.18
14,26,118.1
15,26,115.96
16,26,122.58
17,26,117.2
18,26,120.85
19,26,121.32
20,26,123.5
21,26,127.76
22,26,124.13
23,26,126.2
24,26,129.3
25,26,128.96
26,26,129.78
27,26,128.02
28,26,130.18
29,26,132.82
30,26,127.41
31,26,129.16
32,26,126.7
33,26,131.02
34,26,131.88
35,26,128.41
36,26,125.98
37,26,125.15
38,26,125.51
39,26,124.41
40,26,125.68
41,26,121.3
42,26,122.24
43,26,119.47
44,26,117.28
45,26,116.79
46,26,116.82
47,26,116.7
48,26,113.12
49,26,110.01
50,26,113.27
51,26,108.37
52,26,109.66
53,26,108.11
54,26,106.94
55,26,105.45
56,26,106.89
57,26,97.79
58,26,106.59
59,26,101.92
60,26,104.04
61,26,103.48
1,27,106.55
2,27,105.01
3,27,103.64
4,27,102.84
5,27,106.17
6,27,103.85
7,27,107.48
8,27,109.19
9,27,109.5
10,27,112.14
11,27,112.82
12,27,113.92
13,27,111.06
14,27,114.69
15,27,119.96
16,27,121.68
17,27,117.8
18,27,121.23
19,27,126.36
20,27,124.09
21,27,126.54
22,27,130.81
23,27,128.27
24,27,128.94
25,27,130.47
26,27,135.19
27,27,132.93
28,27,132.48
29,27,131.64
30,27,133.85
31,27,134.01
32,27,130.3
33,27,133.41
34,27,131.18
35,27,130.83
36,27,128.18
37,27,128.19
38,27,125.86
39,27,124.61
40,27,126.28
41,27,123.51
42,27,120.26
43,27,125.83
44,27,117.83
45,27,120.86
46,27,114.33
47,27,116.82
48,27,114.08
49,27,112.03
50,27,112.45
51,27,111.01
52,27,108.15
53,27,107.02
54,27,104.62
55,27,107.48
56,27,103.54
57,27,105.3
58,27,105.8
59,27,104.42
60,27,102.01
61,27,104.78
1,28,103.45
2,28,102.25
3,28,105.07
4,28,107.61
5,28,105.96
6,28,110.02
7,28,107.75
8,28,109.13
9,28,109.49
10,28,114.2
11,28,114.04
12,28,113.56
13,28,116.14
14,28,112.25
15,28,121.43
16,28,121.03
17,28,118.05
18,28,121.42
19,28,124.93
20,28,124.54
21,28,130.08
22,28,130.56
23,28,131.58
24,28,126.67
25,28,131.72
26,28,132.12
27,28,132.2
28,28,133.71
29,28,132.54
30,28,135.31
31,28,136.33
32,28,135.9
33,28,133.83
34,28,137.51
35,28,135.05
36,28,131.68
37,28,129.9
38,28,132.4
39,28,130.5
40,28,124.35
41,28,127.95
42,28,124.03
43,28,121.14
44,28,117.41
45,28,119.34
46,28,118.37
47,28,120.11
48,28,117.43
49,28,112.98
50,28,113.61
51,28,113.24
52,28,110.57
53,28,108.12
54,28,107.2
55,28,108.08
56,28,107.26
57,28,105.05
58,28,99.68
59,28,101.68
60,28,104.92
61,28,98.9
1,29,106.88
2,29,107.28
3,29,106.05
4,29,108.01
5,29,108.8
6,29,108.52
7,29,107.1
8,29,112.95
9,29,115.08
10,29,111.18
11,29,112.16
12,29,116.16
13,29,116.69
14,29,119.77
15,29,123.47
16,29,118.14
17,29,127.38
18,29,124.96
19,29,128.33
20,29,130.01
21,29,131.65
22,29,131.61
23,29,133.28
24,29,134.35
25,29,133.45
26,29,131.98
27,29,133.69
28,29,136.37
29,29,135.28
30,29,135.38
31,29,140.45
32,29,138.3
33,29,135.62
34,29,136.84
35,29,133.87
36,29,133.99
37,29,133.57
38,29,130.65
39,29,128.8
40,29,131.22
41,29,128.53
42,29,121.27
43,29,122.88
44,29,121.07
45,29,119.81
46,29,121.21
47,29,117.98
48,29,113.66
49,29,114.22
50,29,114.68
51,29,111.83
52,29,109.73
53,29,110.51
54,29,111.99
55,29,108.67
56,29,109.42
57,29,104.82
58,29,105.19
59,29,104.46
60,29,104.13
61,29,104.22
1,30,102.92
2,30,106.78
3,30,103.04
4,30,104.51
5,30,112.43
6,30,108.21
7,30,111.84
8,30,115.01
9,30,108.3
10,30,116.58
11,30,117.09
12,30,120.6
13,30,116.54
14,30,123.44
15,30,120.71
16,30,125.97
17,30,125.45
18,30,128.71
19,30,128.87
20,30,126.65
21,30,125.56
22,30,133.6
23,30,133.92
24,30,136.38
25,30,136.08
26,30,141.45
27,30,138.53
28,30,137.66
29,30,139.52
30,30,138.08
31,30,139.03
32,30,136.12
33,30,138.06
34,30,136.46
35,30,134.34
36,30,139.54
37,30,132.28
38,30,133.2
39,30,130.2
40,30,130.92
41,30,126.23
42,30,128.85
43,30,129.59
44,30,122.18
45,30,124.62
46,30,119.77
47,30,121.92
48,30,121.7
49,30,115.32
50,30,111.28
51,30,114.83
52,30,112.06
53,30,111.38
54,30,108.55
55,30,106.39
56,30,109.51
57,30,106.93
58,30,102.6
59,30,106.13
60,30,105.08
61,30,102.87
1,31,108.23
2,31,104.52
3,31,106.26
4,31,109.07
5,31,108.71
6,31,106.91
7,31,111.25
8,31,111.35
9,31,115.27
10,31,115.32
11,31,116.75
12,31,116.07
13,31,119.37
14,31,123.47
15,31,121.71
16,31,124.95
17,31,124.89
18,31,126.12
19,31,130.01
20,31,132.15
21,31,137.34
22,31,133.89
23,31,136.03
24,31,134.82
25,31,139.58
26,31,140.03
27,31,142.9
28,31,142.65
29,31,141.44
30,31,139.89
31,31,141.14
32,31,140.21
33,31,141.83
34,31,140.89
35,31,137.77
36,31,134.4
37,31,138.79
38,31,135.96
39,31,132.71
40,31,132.89
41,31,130.33
42,31,131.13
43,31,122.9
44,31,124.22
45,31,126.46
46,31,122.66
47,31,123.37
48,31,115.72
49,31,118.7
50,31,117.05
51,31,110.2
52,31,111.59
53,31,110.67
54,31,106.44
55,31,108.01
56,31,109.28
57,31,105.82
58,31,106.24
59,31,105.49
60,31,104.28
61,31,102.28
1,32,106.52
2,32,102.83
3,32,106.9
4,32,110.63
5,32,108.04
6,32,108.64
7,32,112.8
8,32,113.03
9,32,115.64
10,32,115.75
11,32,112.5
12,32,121.31
13,32,124.83
14,32,125.03
15,32,117.2
16,32,127.0
17,32,126.99
18,32,127.56
19,32,131.73
20,32,132.88
21,32,135.81
22,32,136.42
23,32,135.45
24,32,137.79
25,32,138.55
26,32,137.5
27,32,138.92
28,32,141.76
29,32,145.35
30,32,141.54
31,32,140.99
32,32,139.82
33,32,141.72
34,32,143.3
35,32,144.03
36,32,139.51
37,32,137.97
38,32,135.22
39,32,134.04
40,32,134.44
41,32,130.86
42,32,129.4
43,32,127.87
44,32,124.92
45,32,124.13
46,32,118.43
47,32,121.79
48,32,123.66
49,32,116.18
50,32,116.42
51,32,115.85
52,32,115.27
53,32,110.82
54,32,106.49
55,32,109.47
56,32,108.12
57,32,106.19
58,32,105.73
59,32,105.49
60,32,105.21
61,32,104.5
1,33,104.97
2,33,107.0
3,33,106.58
4,33,109.45
5,33,108.02
6,33,110.63
7,33,108.54
8,33,112.45
9,33,115.82
10,33,114.21
11,33,117.3
12,33,114.87
13,33,118.74
14,33,121.11
15,33,125.41
16,33,127.77
17,33,128.88
18,33,130.1
19,33,131.93
20,33,135.88
21,33,136.55
22,33,137.03
23,33,141.72
24,33,144.33
25,33,139.06
26,33,143.55
27,33,149.43
28,33,144.36
29,33,144.36
30,33,144.12
31,33,145.11
32,33,145.3
33,33,140.76
34,33,142.45
35,33,137.02
36,33,140.01
37,33,137.33
38,33,138.37
39,33,132.81
40,33,133.43
41,33,134.62
42,33,129.51
43,33,125.18
44,33,127.61
45,33,124.03
46,33,122.95
47,33,120.02
48,33,123.63
49,33,114.82
50,33,121.94
51,33,113.91
52,33,113.56
53,33,110.64
54,33,109.25
55,33,107.7
56,33,109.36
57,33,104.33
58,33,106.96
59,33,101.03
60,33,105.21
61,33,105.7
1,34,103.03
2,34,107.79
3,34,107.49
4,34,111.63
5,34,107.87
6,34,116.46
7,34,107.4
8,34,112.97
9,34,111.78
10,34,120.51
11,34,118.01
12,34,119.99
13,34,123.07
14,34,124.09
15,34,124.85
16,34,125.48
17,34,130.29
18,34,132.64
19,34,135.16
20,34,139.41
21,34,132.97
22,34,138.8
23,34,142.81
24,34,141.51
25,34,138.25
26,34,141.32
27,34,145.34
28,34,145.83
29,34,146.93
30,34,144.13
31,34,146.1
32,34,143.35
33,34,145.2
34,34,144.01
35,34,141.29
36,34,144.88
37,34,137.02
38,34,138.66
39,34,135.63
40,34,139.26
41,34,134.97
42,34,130.58
43,34,129.39
44,34,131.72
45,34,124.14
46,34,120.57
47,34,122.77
48,34,120.96
49,34,119.86
50,34,118.16
51,34,118.71
52,34,110.19
53,34,109.77
54,34,112.15
55,34,107.37
56,34,105.52
57,34,111.12
58,34,103.2
59,34,104.88
60,34,104.7
61,34,106.75
1,35,102.0
2,35,107.45
3,35,105.81
4,35,109.92
5,35,108.03
6,35,114.27
7,35,110.71
8,35,109.08
9,35,114.02
10,35,116.76
11,35,121.21
12,35,118.38
13,35,120.33
14,35,126.69
15,35,124.01
16,35,128.42
17,35,130.47
18,35,133.21
19,35,133.21
20,35,134.73
21,35,139.03
22,35,138.23
23,35,138.84
24,35,145.38
25,35,145.1
26,35,148.66
27,35,147.49
28,35,143.97
29,35,147.05
30,35,144.94
31,35,143.55
32,35,145.61
33,35,147.89
34,35,145.68
35,35,141.34
36,35,141.96
37,35,141.27
38,35,136.65
39,35,139.79
40,35,136.12
41,35,131.93
42,35,129.88
43,35,132.99
44,35,128.01
45,35,129.14
46,35,127.91
47,35,124.85
48,35,119.83
49,35,114.05
50,35,117.91
51,35,119.78
52,35,113.94
53,35,108.54
54,35,109.78
55,35,109.48
56,35,106.47
57,35,102.46
58,35,106.42
59,35,104.17
60,35,108.5
61,35,104.45
1,36,106.81
2,36,106.53
3,36,107.95
4,36,105.56
5,36,107.99
6,36,113.56
7,36,113.22
8,36,113.53
9,36,116.92
10,36,118.68
11,36,123.46
12,36,121.7
13,36,121.2
14,36,125.1
15,36,128.59
16,36,131.42
17,36,128.26
18,36,134.02
19,36,133.71
20,36,136.28
21,36,140.92
22,36,142.43
23,36,141.14
24,36,143.59
25,36,144.06
26,36,151.94
27,36,147.53
28,36,145.88
29,36,150.56
30,36,150.75
31,36,151.5
32,36,151.74
33,36,148.39
34,36,145.46
35,36,144.72
36,36,143.32
37,36,141.69
38,36,143.42
39,36,139.23
40,36,139.36
41,36,136.85
42,36,131.32
43,36,128.05
44,36,126.96
45,36,126.52
46,36,125.6
47,36,122.03
48,36,122.78
49,36,118.43
50,36,118.19
51,36,116.19
52,36,117.79
53,36,110.85
54,36,115.8
55,36,108.88
56,36,106.18
57,36,107.33
58,36,113.25
59,36,107.66
60,36,106.27
61,36,105.94
1,37,104.43
2,37,107.54
3,37,107.91
4,37,112.64
5,37,110.03
6,37,110.83
7,37,110.7
8,37,114.86
9,37,116.82
10,37,115.58
11,37,120.73
12,37,122.21
13,37,125.76
14,37,128.2
15,37,128.04
16,37,127.88
17,37,130.38
18,37,137.63
19,37,136.46
20,37,141.57
21,37,140.92
22,37,143.17
23,37,145.13
24,37,142.23
25,37,146.54
26,37,144.5
27,37,147.23
28,37,149.68
29,37,146.71
30,37,150.01
31,37,145.77
32,37,150.69
33,37,146.47
34,37,144.92
35,37,143.05
36,37,143.52
37,37,139.44
38,37,140.56
39,37,142.12
40,37,137.7
41,37,133.77
42,37,134.56
43,37,132.32
44,37,133.86
45,37,129.44
46,37,126.39
47,37,125.55
48,37,121.48
49,37,119.68
50,37,121.3
51,37,112.96
52,37,116.51
53,37,112.81
54,37,111.0
55,37,109.14
56,37,109.33
57,37,107.81
58,37,106.06
59,37,104.57
60,37,101.34
61,37,102.98
1,38,105.02
2,38,107.28
3,38,111.93
4,38,107.9
5,38,108.33
6,38,110.3
7,38,113.5
8,38,115.94
9,38,117.89
10,38,119.87
11,38,122.01
12,38,121.46
13,38,128.14
14,38,125.39
15,38,128.42
16,38,132.92
17,38,133.58
18,38,130.06
19,38,136.59
20,38,140.28
21,38,137.74
22,38,143.68
23,38,144.58
24,38,147.61
25,38,145.12
26,38,149.55
27,38,148.72
28,38,152.54
29,38,154.95
30,38,152.58
31,38,150.34
32,38,153.65
33,38,149.61
34,38,145.75
35,38,146.42
36,38,146.77
37,38,145.45
38,38,139.93
39,38,138.24
40,38,137.87
41,38,137.65
42,38,135.86
43,38,132.73
44,38,128.66
45,38,131.68
46,38,123.96
47,38,126.64
48,38,123.5
49,38,122.64
50,38,117.32
51,38,116.15
52,38,114.87
53,38,112.24
54,38,112.18
55,38,113.53
56,38,106.54
57,38,106.69
58,38,105.44
59,38,105.86
60,38,104.95
61,38,106.02
1,39,106.16
2,39,107.63
3,39,108.86
4,39,109.69
5,39,111.86
6,39,111.57
7,39,116.58
8,39,119.96
9,39,117.97
10,39,118.8
11,39,121.48
12,39,119.99
13,39,124.58
14,39,124.84
15,39,129.44
16,39,129.1
17,39,132.0
18,39,131.05
19,39,134.51
20,39,139.55
21,39,138.99
22,39,144.63
23,39,142.22
24,39,146.49
25,39,145.33
26,39,148.69
27,39,145.7
28,39,148.47
29,39,148.06
30,39,151.64
31,39,150.68
32,39,146.91
33,39,148.36
34,39,146.37
35,39,148.75
36,39,148.13
37,39,141.24
38,39,144.15
39,39,139.09
40,39,138.34
41,39,136.92
42,39,138.43
43,39,130.68
44,39,132.22
45,39,126.07
46,39,123.82
47,39,124.27
48,39,122.23
49,39,114.56
50,39,120.67
51,39,112.28
52,39,114.58
53,39,115.95
54,39,116.24
55,39,109.73
56,39,106.34
57,39,110.64
58,39,108.76
59,39,105.11
60,39,104.03
61,39,103.08
1,40,105.42
2,40,107.68
3,40,106.95
4,40,108.35
5,40,111.76
6,40,108.88
7,40,112.57
8,40,111.56
9,40,116.82
10,40,114.52
11,40,122.06
12,40,119.61
13,40,120.73
14,40,125.64
15,40,131.91
16,40,132.05
17,40,128.93
18,40,132.2
19,40,136.16
20,40,143.42
21,40,138.96
22,40,140.75
23,40,147.29
24,40,146.09
25,40,149.08
26,40,146.59
27,40,148.68
28,40,152.13
29,40,149.59
30,40,152.25
31,40,150.65
32,40,147.42
33,40,148.85
34,40,150.0
35,40,148.31
36,40,145.62
37,40,140.45
38,40,139.02
39,40,137.67
40,40,137.92
41,40,136.19
42,40,131.93
43,40,134.82
44,40,128.1
45,40,125.75
46,40,126.54
47,40,126.22
48,40,126.35
49,40,121.44
50,40,121.55
51,40,114.18
52,40,119.23
53,40,109.6
54,40,110.84
55,40,111.6
56,40,106.02
57,40,106.23
58,40,104.87
59,40,105.49
60,40,108.11
61,40,104.56
1,41,105.17
2,41,101.26
3,41,108.99
4,41,110.78
5,41,107.05
6,41,111.68
7,41,113.68
8,41,116.8
9,41,115.11
10,41,116.6
11,41,119.31
12,41,124.76
13,41,126.3
14,41,126.26
15,41,130.46
16,41,125.82
17,41,134.27
18,41,132.56
19,41,140.39
20,41,136.71
21,41,139.03
22,41,143.63
23,41,145.44
24,41,144.69
25,41,147.6
26,41,148.91
27,41,149.55
28,41,148.57
29,41,150.76
30,41,152.69
31,41,147.3
32,41,147.7
33,41,148.82
34,41,145.81
35,41,143.25
36,41,147.77
37,41,139.67
38,41,141.7
39,41,142.25
40,41,139.38
41,41,136.08
42,41,132.6
43,41,133.38
44,41,128.58
45,41,128.95
46,41,126.58
47,41,124.52
48,41,120.91
49,41,124.3
50,41,119.06
51,41,116.0
52,41,115.4
53,41,111.74
54,41,111.04
55,41,115.24
56,41,107.67
57,41,107.91
58,41,106.11
59,41,104.01
60,41,106.1
61,41,104.59
1,42,107.87
2,42,108.59
3,42,109.8
4,42,107.3
5,42,111.66
6,42,113.06
7,42,111.15
8,42,114.12
9,42,113.52
10,42,119.55
11,42,121.41
12,42,124.88
13,42,123.58
14,42,127.01
15,42,130.18
16,42,128.82
17,42,130.63
18,42,133.09
19,42,135.88
20,42,136.81
21,42,139.07
22,42,143.95
23,42,143.6
24,42,145.86
25,42,145.4
26,42,146.33
27,42,148.97
28,42,149.26
29,42,150.93
30,42,152.11
31,42,148.0
32,42,150.73
33,42,146.24
34,42,151.71
35,42,144.93
36,42,146.62
37,42,141.62
38,42,141.88
39,42,143.52
40,42,136.92
41,42,140.99
42,42,134.53
43,42,134.4
44,42,131.13
45,42,129.12
46,42,123.25
47,42,123.09
48,42,124.41
49,42,119.39
50,42,118.49
51,42,113.34
52,42,113.69
53,42,115.44
54,42,109.16
55,42,111.81
56,42,109.49
57,42,107.53
58,42,106.41
59,42,105.06
60,42,104.41
61,42,106.34
1,43,105.11
2,43,110.5
3,43,108.5
4,43,107.87
5,43,112.19
6,43,112.83
7,43,109.72
8,43,112.51
9,43,116.0
10,43,114.82
11,43,124.01
12,43,123.39
13,43,123.71
14,43,125.09
15,43,126.66
16,43,126.02
17,43,128.58
18,43,137.91
19,43,139.27
20,43,136.92
21,43,141.74
22,43,142.67
23,43,144.5
24,43,141.83
25,43,142.31
26,43,149.34
27,43,143.84
28,43,148.1
29,43,148.03
30,43,147.97
31,43,149.39
32,43,147.05
33,43,148.59
34,43,147.25
35,43,150.12
36,43,141.91
37,43,143.31
38,43,142.52
39,43,139.41
40,43,135.4
41,43,138.64
42,43,134.78
43,43,129.51
44,43,130.83
45,43,131.26
46,43,125.71
47,43,123.73
48,43,124.88
49,43,117.89
50,43,121.44
51,43,118.18
52,43,112.73
53,43,111.69
54,43,110.53
55,43,106.58
56,43,109.54
57,43,106.14
58,43,107.48
59,43,103.39
60,43,107.0
61,43,105.9
1,44,104.46
2,44,107.49
3,44,107.93
4,44,111.83
5,44,108.0
6,44,111.08
7,44,111.52
8,44,114.41
9,44,117.02
10,44,116.37
11,44,118.75
12,44,123.3
13,44,126.04
14,44,126.32
15,44,127.1
16,44,128.96
17,44,132.58
18,44,133.97
19,44,132.2
20,44,138.56
21,44,137.51
22,44,138.1
23,44,139.16
24,44,143.47
25,44,143.1
26,44,141.5
27,44,146.25
28,44,146.58
29,44,147.62
30,44,146.78
31,44,151.58
32,44,148.6
33,44,145.97
34,44,146.03
35,44,147.96
36,44,145.82
37,44,139.71
38,44,138.99
39,44,137.67
40,44,136.53
41,44,134.31
42,44,133.58
43,44,132.96
44,44,131.24
45,44,126.72
46,44,122.06
47,44,121.24
48,44,120.33
49,44,116.99
50,44,119.95
51,44,113.59
52,44,115.56
53,44,109.44
54,44,112.7
55,44,109.79
56,44,111.89
57,44,105.5
58,44,105.64
59,44,105.13
60,44,104.76
61,44,103.66
1,45,105.08
2,45,105.93
3,45,103.45
4,45,110.65
5,45,115.57
6,45,111.73
7,45,110.24
8,45,111.94
9,45,116.82
10,45,118.05
11,45,118.48
12,45,122.4
13,45,118.68
14,45,126.28
15,45,127.24
16,45,126.78
17,45,127.92
18,45,133.01
19,45,137.52
20,45,136.12
21,45,136.65
22,45,140.41
23,45,145.2
24,45,143.79
25,45,145.2
26,45,147.57
27,45,146.87
28,45,144.94
29,45,143.36
30,45,145.13
31,45,144.64
32,45,147.82
33,45,147.52
34,45,145.48
35,45,141.59
36,45,146.5
37,45,140.72
38,45,141.23
39,45,138.46
40,45,137.0
41,45,135.85
42,45,131.38
43,45,133.4
44,45,125.62
45,45,124.69
46,45,127.35
47,45,123.99
48,45,125.98
49,45,119.19
50,45,120.68
51,45,111.88
52,45,111.18
53,45,114.31
54,45,107.65
55,45,109.45
56,45,111.0
57,45,108.59
58,45,106.64
59,45,104.84
60,45,105.36
61,45,105.4
1,46,104.26
2,46,107.18
3,46,109.54
4,46,107.99
5,46,109.71
6,46,111.79
7,46,113.28
8,46,115.38
9,46,113.14
10,46,115.75
11,46,117.55
12,46,118.52
13,46,118.59
14,46,117.59
15,46,128.43
16,46,124.89
17,46,133.08
18,46,133.36
19,46,132.96
20,46,136.82
21,46,138.17
22,46,136.74
23,46,140.4
24,46,139.8
25,46,144.24
26,46,142.47
27,46,144.49
28,46,144.96
29,46,145.83
30,46,149.02
31,46,145.1
32,46,147.68
33,46,145.64
34,46,146.74
35,46,142.25
36,46,143.16
37,46,140.31
38,46,132.96
39,46,135.14
40,46,136.75
41,46,134.8
42,46,129.29
43,46,130.39
44,46,129.0
45,46,125.97
46,46,125.55
47,46,123.37
48,46,120.26
49,46,117.51
50,46,118.9
51,46,116.1
52,46,110.86
53,46,112.62
54,46,108.52
55,46,107.65
56,46,107.13
57,46,107.48
58,46,107.19
59,46,104.76
60,46,104.09
61,46,103.13
1,47,107.5
2,47,100.53
3,47,106.53
4,47,111.25
5,47,110.31
6,47,113.01
7,47,107.72
8,47,110.71
9,47,115.72
10,47,119.37
11,47,115.66
12,47,118.9
13,47,122.28
14,47,120.42
15,47,126.25
16,47,121.75
17,47,129.98
18,47,128.87
19,47,131.79
20,47,135.75
21,47,137.02
22,47,137.68
23,47,141.07
24,47,137.03
25,47,141.96
26,47,140.92
27,47,145.09
28,47,145.17
29,47,145.57
30,47,147.53
31,47,146.38
32,47,143.48
33,47,143.25
34,47,143.7
35,47,141.83
36,47,141.84
37,47,134.67
38,47,141.46
39,47,136.25
40,47,131.21
41,47,130.86
42,47,126.6
43,47,126.81
44,47,126.82
45,47,128.23
46,47,124.15
47,47,121.94
48,47,117.41
49,47,116.29
50,47,114.78
51,47,113.28
52,47,112.49
53,47,111.24
54,47,109.8
55,47,107.93
56,47,108.43
57,47,106.52
58,47,103.04
59,47,105.47
60,47,104.43
61,47,100.84
1,48,104.02
2,48,107.2
3,48,104.61
4,48,105.38
5,48,108.28
6,48,111.34
7,48,114.97
8,48,114.02
9,48,116.32
10,48,116.37
11,48,115.91
12,48,120.26
13,48,120.52
14,48,123.22
15,48,122.38
16,48,127.04
17,48,127.68
18,48,130.19
19,48,131.32
20,48,132.63
21,48,135.77
22,48,135.5
23,48,134.52
24,48,135.19
25,48,140.39
26,48,140.04
27,48,138.2
28,48,142.4
29,48,142.31
30,48,141.61
31,48,142.99
32,48,144.81
33,48,144.23
34,48,141.22
35,48,139.86
36,48,139.26
37,48,138.31
38,48,135.77
39,48,135.15
40,48,130.04
41,48,131.65
42,48,130.68
43,48,126.95
44,48,125.91
45,48,122.05
46,48,119.97
47,48,121.11
48,48,117.5
49,48,113.73
50,48,113.45
51,48,112.21
52,48,114.25
53,48,111.71
54,48,108.35
55,48,107.76
56,48,110.49
57,48,108.76
58,48,103.77
59,48,107.53
60,48,104.33
61,48,105.45
1,49,104.66
2,49,108.12
3,49,104.28
4,49,107.02
5,49,110.99
6,49,104.89
7,49,110.79
8,49,111.39
9,49,114.93
10,49,117.16
11,49,118.02
12,49,118.65
13,49,119.91
14,49,120.85
15,49,123.69
16,49,127.94
17,49,125.1
18,49,127.68
19,49,130.02
20,49,133.8
21,49,133.8
22,49,136.76
23,49,138.19
24,49,138.5
25,49,136.23
26,49,142.56
27,49,142.75
28,49,140.56
29,49,137.97
30,49,137.71
31,49,141.24
32,49,139.02
33,49,136.49
34,49,136.07
35,49,137.42
36,49,137.71
37,49,138.94
38,49,135.77
39,49,132.59
40,49,132.56
41,49,130.76
42,49,129.97
43,49,126.68
44,49,127.09
45,49,124.92
46,49,121.7
47,49,119.59
48,49,120.0
49,49,115.13
50,49,112.01
51,49,110.53
52,49,110.58
53,49,112.2
54,49,108.83
55,49,108.97
56,49,106.54
57,49,105.62
58,49,103.7
59,49,104.8
60,49,103.95
61,49,104.52
1,50,105.33
2,50,105.09
3,50,103.28
4,50,109.33
5,50,107.99
6,50,109.39
7,50,113.58
8,50,113.43
9,50,113.82
10,50,114.32
11,50,115.77
12,50,117.8
13,50,119.72
14,50,123.96
15,50,127.13
16,50,124.44
17,50,121.21
18,50,125.26
19,50,132.4
20,50,131.76
21,50,132.65
22,50,132.85
23,50,132.07
24,50,138.94
25,50,134.93
26,50,138.87
27,50,135.47
28,50,138.12
29,50,140.83
30,50,138.44
31,50,138.11
32,50,138.57
33,50,135.4
34,50,134.36
35,50,138.01
36,50,134.74
37,50,135.86
38,50,135.42
39,50,134.2
40,50,127.08
41,50,127.38
42,50,128.24
43,50,126.63
44,50,128.35
45,50,120.37
46,50,122.87
47,50,119.65
48,50,114.04
49,50,114.7
50,50,114.85
51,50,109.52
52,50,107.46
53,50,106.85
54,50,109.74
55,50,107.19
56,50,105.95
57,50,105.12
58,50,102.64
59,50,103.84
60,50,100.46
61,50,105.9
1,51,107.9
2,51,100.55
3,51,105.03
4,51,106.01
5,51,107.4
6,51,110.76
7,51,108.91
8,51,110.84
9,51,118.23
10,51,113.37
11,51,118.52
12,51,117.44
13,51,116.83
14,51,118.04
15,51,121.04
16,51,120.38
17,51,122.49
18,51,124.93
19,51,127.89
20,51,132.43
21,51,129.21
22,51,132.41
23,51,129.43
24,51,135.89
25,51,131.27
26,51,137.1
27,51,135.96
28,51,136.34
29,51,136.26
30,51,134.35
31,51,134.36
32,51,138.25
33,51,136.15
34,51,134.88
35,51,135.6
36,51,133.97
37,51,131.1
38,51,136.41
39,51,131.66
40,51,129.03
41,51,126.28
42,51,127.68
43,51,122.64
44,51,120.89
45,51,124.44
46,51,119.54
47,51,116.41
48,51,116.45
49,51,116.68
50,51,114.84
51,51,114.22
52,51,108.52
53,51,111.74
54,51,108.4
55,51,107.92
56,51,109.24
57,51,107.38
58,51,105.91
59,51,100.55
60,51,103.8
61,51,101.77
1,52,105.68
2,52,106.9
3,52,105.03
4,52,105.1
5,52,110.42
6,52,107.06
7,52,106.91
8,52,108.74
9,52,110.47
10,52,111.11
11,52,115.84
12,52,111.12
13,52,115.17
14,52,118.3
15,52,120.3
16,52,124.75
17,52,125.95
18,52,121.14
19,52,121.96
20,52,127.22
21,52,127.14
22,52,127.34
23,52,130.89
24,52,132.34
25,52,131.09
26,52,132.27
27,52,132.58
28,52,133.71
29,52,135.88
30,52,132.73
31,52,133.52
32,52,133.74
33,52,134.09
34,52,134.07
35,52,136.85
36,52,133.03
37,52,132.05
38,52,129.19
39,52,126.53
40,52,126.11
41,52,124.36
42,52,125.12
43,52,119.56
44,52,122.56
45,52,119.64
46,52,119.86
47,52,115.49
48,52,113.72
49,52,113.33
50,52,111.97
51,52,113.2
52,52,112.0
53,52,113.11
54,52,107.27
55,52,100.62
56,52,105.62
57,52,106.1
58,52,106.34
59,52,104.87
60,52,102.68
61,52,106.59
1,53,101.94
2,53,104.07
3,53,103.14
4,53,106.09
5,53,110.05
6,53,107.48
7,53,108.46
8,53,106.38
9,53,110.31
10,53,114.36
11,53,112.79
12,53,113.94
13,53,118.12
14,53,116.65
15,53,121.26
16,53,117.51
17,53,122.83
18,53,126.16
19,53,126.23
20,53,121.79
21,53,125.49
22,53,127.44
23,53,131.01
24,53,127.29
25,53,128.75
26,53,128.28
27,53,130.39
28,53,129.94
29,53,135.88
30,53,131.48
31,53,134.07
32,53,132.48
33,53,132.05
34,53,130.3
35,53,132.32
36,53,130.26
37,53,129.19
38,53,126.74
39,53,125.9
40,53,126.7
41,53,124.68
42,53,123.11
43,53,119.97
44,53,123.96
45,53,117.71
46,53,117.22
47,53,115.54
48,53,118.49
49,53,112.71
50,53,111.29
51,53,111.12
52,53,108.38
53,53,108.96
54,53,112.51
55,53,107.47
56,53,106.57
57,53,103.86
58,53,108.03
59,53,107.88
60,53,105.16
61,53,104.27
1,54,103.27
2,54,105.1
3,54,103.28
4,54,103.4
5,54,103.45
6,54,108.08
7,54,105.41
8,54,108.13
9,54,110.05
10,54,113.26
11,54,111.27
12,54,115.85
13,54,116.75
14,54,114.01
15,54,119.7
16,54,118.2
17,54,119.08
18,54,120.81
19,54,122.63
20,54,123.03
21,54,123.34
22,54,124.6
23,54,127.38
24,54,127.67
25,54,129.83
26,54,129.53
27,54,130.1
28,54,131.51
29,54,133.39
30,54,133.55
31,54,133.24
32,54,132.07
33,54,134.12
34,54,130.31
35,54,129.43
36,54,132.48
37,54,121.65
38,54,125.67
39,54,127.52
40,54,125.82
41,54,127.77
42,54,121.59
43,54,119.21
44,54,118.1
45,54,118.09
46,54,119.39
47,54,118.14
48,54,113.51
49,54,112.93
50,54,110.05
51,54,109.16
52,54,111.23
53,54,111.37
54,54,105.86
55,54,106.91
56,54,105.17
57,54,106.68
58,54,103.54
59,54,99.89
60,54,105.24
61,54,102.16
1,55,103.08
2,55,104.88
3,55,105.31
4,55,106.17
5,55,102.71
6,55,107.86
7,55,103.77
8,55,110.03
9,55,111.7
10,55,107.74
11,55,112.21
12,55,114.79
13,55,112.93
14,55,116.37
15,55,110.66
16,55,119.65
17,55,118.73
18,55,119.36
19,55,123.02
20,55,125.65
21,55,124.24
22,55,127.49
23,55,122.1
24,55,127.37
25,55,126.5
26,55,125.8
27,55,124.0
28,55,129.43
29,55,130.17
30,55,131.17
31,55,130.77
32,55,126.66
33,55,130.44
34,55,130.16
35,55,126.24
36,55,126.09
37,55,123.34
38,55,127.24
39,55,120.24
40,55,123.26
41,55,119.86
42,55,117.66
43,55,114.92
44,55,117.02
45,55,113.7
46,55,115.13
47,55,117.37
48,55,113.07
49,55,115.55
50,55,108.52
51,55,106.9
52,55,106.44
53,55,107.46
54,55,112.2
55,55,102.65
56,55,106.5
57,55,103.2
58,55,103.57
59,55,100.96
60,55,104.76
61,55,102.49
1,56,105.4
2,56,104.06
3,56,100.4
4,56,107.06
5,56,101.5
6,56,102.51
7,56,105.19
8,56,106.05
9,56,111.55
10,56,109.36
11,56,113.19
12,56,110.59
13,56,113.44
14,56,114.85
15,56,116.41
16,56,115.22
17,56,116.52
18,56,117.8
19,56,116.18
20,56,120.36
21,56,120.76
22,56,123.63
23,56,123.51
24,56,126.77
25,56,124.91
26,56,124.21
27,56,125.89
28,56,127.55
29,56,122.75
30,56,124.93
31,56,124.91
32,56,126.92
33,56,126.83
34,56,125.53
35,56,119.81
36,56,120.79
37,56,122.85
38,56,121.46
39,56,121.54
40,56,119.59
41,56,122.55
42,56,113.81
43,56,117.88
44,56,117.81
45,56,116.43
46,56,115.48
47,56,114.66
48,56,110.52
49,56,108.49
50,56,105.63
51,56,108.03
52,56,106.31
53,56,109.35
54,56,105.67
55,56,103.47
56,56,102.49
57,56,108.24
58,56,103.67
59,56,101.66
60,56,103.03
61,56,106.18
1,57,102.19
2,57,104.79
3,57,106.3
4,57,100.7
5,57,103.81
6,57,107.87
7,57,105.07
8,57,108.07
9,57,106.54
10,57,108.04
11,57,108.71
12,57,112.07
13,57,112.19
14,57,113.0
15,57,118.85
16,57,118.35
17,57,111.95
18,57,116.05
19,57,122.79
20,57,117.76
21,57,124.0
22,57,119.83
23,57,121.01
24,57,123.91
25,57,122.63
26,57,124.31
27,57,126.89
28,57,125.55
29,57,124.5
30,57,127.62
31,57,125.97
32,57,122.57
33,57,127.7
34,57,124.61
35,57,122.38
36,57,118.15
37,57,118.72
38,57,124.09
39,57,123.31
40,57,119.08
41,57,114.4
42,57,114.76
43,57,112.66
44,57,111.55
45,57,117.89
46,57,116.92
47,57,109.55
48,57,110.78
49,57,107.28
50,57,108.9
51,57,111.34
52,57,109.4
53,57,108.09
54,57,105.36
55,57,107.61
56,57,105.77
57,57,104.73
58,57,103.19
59,57,103.6
60,57,103.14
61,57,101.11
1,58,101.17
2,58,101.14
3,58,101.73
4,58,103.73
5,58,103.96
6,58,104.03
7,58,104.54
8,58,107.22
9,58,110.14
10,58,108.16
11,58,108.87
12,58,108.03
13,58,110.35
14,58,114.11
15,58,114.75
16,58,115.56
17,58,116.45
18,58,116.39
19,58,117.24
20,58,117.81
21,58,117.33
22,58,119.12
23,58,120.11
24,58,121.59
25,58,121.1
26,58,125.58
27,58,119.33
28,58,123.53
29,58,122.1
30,58,122.25
31,58,120.56
32,58,124.06
33,58,123.05
34,58,123.04
35,58,121.23
36,58,119.68
37,58,119.55
38,58,119.82
39,58,114.15
40,58,119.07
41,58,121.29
42,58,116.48
43,58,114.02
44,58,113.3
45,58,114.09
46,58,111.21
47,58,112.54
48,58,109.55
49,58,112.45
50,58,111.56
51,58,106.73
52,58,106.47
53,58,105.88
54,58,105.25
55,58,102.77
56,58,101.93
57,58,106.09
58,58,105.31
59,58,104.86
60,58,102.21
61,58,105.8
1,59,102.43
2,59,104.58
3,59,100.5
4,59,103.28
5,59,103.94
6,59,104.67
7,59,102.75
8,59,107.45
9,59,108.79
10,59,105.97
11,59,105.93
12,59,107.48
13,59,110.84
14,59,109.5
15,59,111.29
16,59,110.28
17,59,117.25
18,59,114.29
19,59,117.28
20,59,116.78
21,59,116.48
22,59,117.09
23,59,116.49
24,59,117.63
25,59,117.03
26,59,117.25
27,59,124.0
28,59,120.63
29,59,123.16
30,59,118.69
31,59,117.72
32,59,118.12
33,59,118.98
34,59,119.56
35,59,118.75
36,59,116.99
37,59,118.12
38,59,117.63
39,59,117.97
40,59,118.73
41,59,114.26
42,59,116.58
43,59,113.42
44,59,109.37
45,59,115.12
46,59,115.24
47,59,111.08
48,59,109.2
49,59,107.68
50,59,106.53
51,59,109.15
52,59,106.01
53,59,108.75
54,59,104.87
55,59,103.43
56,59,102.54
57,59,101.79
58,59,103.88
59,59,99.89
60,59,100.5
61,59,104.48
1,60,100.34
2,60,104.32
3,60,98.85
4,60,106.29
5,60,101.32
6,60,102.61
7,60,106.26
8,60,106.03
9,60,107.9
10,60,104.21
11,60,106.89
12,60,106.95
13,60,106.71
14,60,110.89
15,60,112.37
16,60,110.59
17,60,115.1
18,60,111.26
19,60,116.59
20,60,115.45
21,60,112.57
22,60,119.64
23,60,115.38
24,60,119.22
25,60,117.57
26,60,118.42
27,60,119.79
28,60,119.9
29,60,117.66
30,60,119.46
31,60,119.26
32,60,118.64
33,60,117.58
34,60,118.1
35,60,121.21
36,60,116.22
37,60,118.69
38,60,114.44
39,60,113.26
40,60,120.88
41,60,114.67
42,60,113.97
43,60,113.25
44,60,114.08
45,60,111.3
46,60,111.33
47,60,106.81
48,60,110.15
49,60,106.99
50,60,108.11
51,60,102.68
52,60,106.75
53,60,100.42
54,60,103.81
55,60,100.44
56,60,104.66
57,60,103.11
58,60,101.05
59,60,105.12
60,60,100.15
61,60,95.6
1,61,103.06
2,61,98.81
3,61,100.95
4,61,102.03
5,61,100.63
6,61,102.95
7,61,101.61
8,61,105.28
9,61,103.06
10,61,106.17
11,61,109.06
12,61,108.95
13,61,107.9
14,61,106.78
15,61,109.78
16,61,108.78
17,61,111.28
18,61,108.15
19,61,113.88
20,61,113.0
21,61,117.98
22,61,116.76
23,61,115.82
24,61,114.93
25,61,114.14
26,61,117.84
27,61,115.77
28,61,118.77
29,61,117.36
30,61,117.42
31,61,117.75
32,61,114.6
33,61,114.19
34,61,113.84
35,61,117.69
36,61,113.28
37,61,113.05
38,61,115.22
39,61,113.05
40,61,112.17
41,61,111.34
42,61,106.93
43,61,108.95
44,61,112.53
45,61,108.38
46,61,104.95
47,61,106.04
48,61,108.11
49,61,107.41
50,61,105.52
51,61,104.13
52,61,102.15
53,61,105.16
54,61,105.61
55,61,106.06
56,61,100.84
57,61,105.41
58,61,102.23
59,61,102.08
60,61,103.54
61,61,100.42
1,62,97.49
2,62,103.51
3,62,103.11
4,62,102.03
5,62,104.37
6,62,105.19
7,62,100.95
8,62,104.49
9,62,100.4
10,62,105.24
11,62,105.3
12,62,107.62
13,62,105.09
14,62,107.02
15,62,102.06
16,62,110.25
17,62,109.6
18,62,110.58
19,62,108.03
20,62,112.41
21,62,115.48
22,62,112.34
23,62,114.49
24,62,111.89
25,62,113.85
26,62,111.26
27,62,116.15
28,62,115.08
29,62,112.43
30,62,113.31
31,62,114.99
32,62,116.61
33,62,117.54
34,62,114.06
35,62,111.28
36,62,114.1
37,62,116.76
38,62,109.46
39,62,110.27
40,62,112.83
41,62,111.33
42,62,109.31
43,62,110.21
44,62,111.09
45,62,108.3
46,62,107.49
47,62,108.42
48,62,106.09
49,62,108.33
50,62,109.54
51,62,103.16
52,62,101.95
53,62,104.72
54,62,100.96
55,62,100.52
56,62,98.65
57,62,101.65
58,62,102.03
59,62,100.79
60,62,104.35
61,62,103.98
1,63,105.49
2,63,101.97
3,63,104.52
4,63,103.08
5,63,103.21
6,63,102.22
7,63,99.02
8,63,105.25
9,63,106.73
10,63,101.85
11,63,105.38
12,63,107.91
13,63,105.75
14,63,109.41
15,63,107.31
16,63,107.11
17,63,111.23
18,63,107.43
19,63,108.4
20,63,108.59
21,63,108.6
22,63,111.66
23,63,110.76
24,63,113.15
25,63,109.05
26,63,110.56
27,63,113.13
28,63,116.13
29,63,114.05
30,63,112.14
31,63,110.31
32,63,111.9
33,63,112.94
34,63,108.09
35,63,110.09
36,63,110.7
37,63,111.27
38,63,111.24
39,63,109.66
40,63,111.39
41,63,110.09
42,63,108.56
43,63,110.02
44,63,109.29
45,63,104.68
46,63,106.96
47,63,108.25
48,63,108.04
49,63,106.15
50,63,104.43
51,63,105.27
52,63,105.59
53,63,103.78
54,63,103.61
55,63,102.29
56,63,99.78
57,63,101.8
58,63,100.52
59,63,100.28
60,63,104.27
61,63,103.11
1,64,98.06
2,64,99.5
3,64,101.19
4,64,100.9
5,64,103.12
6,64,100.32
7,64,105.07
8,64,103.44
9,64,103.25
10,64,104.33
11,64,103.97
12,64,101.21
13,64,105.78
14,64,105.61
15,64,104.84
16,64,109.45
17,64,109.1
18,64,113.14
19,64,110.42
20,64,107.94
21,64,107.86
22,64,109.11
23,64,109.15
24,64,111.04
25,64,108.05
26,64,112.68
27,64,111.77
28,64,112.79
29,64,109.53
30,64,112.34
31,64,114.42
32,64,110.01
33,64,109.81
34,64,112.81
35,64,109.19
36,64,110.36
37,64,113.43
38,64,108.35
39,64,112.76
40,64,108.55
41,64,106.51
42,64,109.47
43,64,107.98
44,64,107.28
45,64,105.21
46,64,106.45
47,64,101.62
48,64,105.71
49,64,107.4
50,64,100.83
51,64,103.12
52,64,101.78
53,64,100.13
54,64,98.7
55,64,100.12
56,64,101.7
57,64,104.21
58,64,98.62
59,64,102.04
60,64,101.69
61,64,104.42
1,65,102.42
2,65,102.73
3,65,103.09
4,65,100.09
5,65,101.05
6,65,104.72
7,65,98.69
8,65,101.76
9,65,100.82
10,65,104.32
11,65,103.41
12,65,105.91
13,65,104.87
14,65,102.43
15,65,102.97
16,65,106.41
17,65,105.33
18,65,106.25
19,65,109.62
20,65,109.68
21,65,112.15
22,65,108.3
23,65,107.99
24,65,110.41
25,65,108.72
26,65,109.01
27,65,109.84
28,65,113.68
29,65,111.86
30,65,112.1
31,65,113.67
32,65,112.18
33,65,107.98
34,65,111.84
35,65,111.87
36,65,110.88
37,65,108.88
38,65,110.02
39,65,108.52
40,65,106.21
41,65,106.29
42,65,108.72
43,65,105.06
44,65,104.8
45,65,107.48
46,65,105.79
47,65,106.24
48,65,102.2
49,65,105.35
50,65,102.54
51,65,101.45
52,65,102.11
53,65,105.52
54,65,101.75
55,65,106.6
56,65,97.81
57,65,98.6
58,65,104.12
59,65,104.43
60,65,99.38
61,65,101.09
1,66,102.55
2,66,100.84
3,66,101.79
4,66,101.72
5,66,98.97
6,66,101.5
7,66,102.48
8,66,102.96
9,66,99.6
10,66,104.9
11,66,104.0
12,66,101.99
13,66,108.08
14,66,104.17
15,66,104.69
16,66,106.94
17,66,109.81
18,66,107.8
19,66,108.47
20,66,105.18
21,66,107.71
22,66,106.8
23,66,109.57
24,66,110.03
25,66,111.93
26,66,104.55
27,66,107.76
28,66,111.73
29,66,106.4
30,66,110.84
31,66,111.47
32,66,109.08
33,66,106.18
34,66,108.62
35,66,111.58
36,66,111.51
37,66,108.58
38,66,105.91
39,66,111.01
40,66,108.83
41,66,104.99
42,66,107.12
43,66,106.64
44,66,104.38
45,66,105.95
46,66,107.08
47,66,103.89
48,66,106.52
49,66,100.23
50,66,107.83
51,66,103.18
52,66,104.9
53,66,102.9
54,66,100.54
55,66,101.86
56,66,97.88
57,66,102.87
58,66,101.69
59,66,100.74
60,66,102.48
61,66,100.91
1,67,102.2
2,67,103.06
3,67,100.21
4,67,99.82
5,67,98.25
6,67,102.16
7,67,103.06
8,67,99.76
9,67,105.52
10,67,101.33
11,67,99.07
12,67,106.58
13,67,99.98
14,67,106.19
15,67,106.05
16,67,105.59
17,67,104.25
18,67,106.64
19,67,108.07
20,67,104.32
21,67,108.55
22,67,108.75
23,67,107.74
24,67,106.31
25,67,109.46
26,67,108.78
27,67,105.87
28,67,107.27
29,67,109.7
30,67,108.31
31,67,110.23
32,67,107.32
33,67,105.9
34,67,112.15
35,67,104.23
36,67,106.39
37,67,107.71
38,67,108.86
39,67,107.89
40,67,110.92
41,67,105.74
42,67,103.89
43,67,104.86
44,67,104.31
45,67,104.47
46,67,102.3
47,67,105.49
48,67,104.34
49,67,100.75
50,67,104.91
51,67,101.06
52,67,100.04
53,67,102.33
54,67,98.4
55,67,102.87
56,67,95.81
57,67,99.25
58,67,104.29
59,67,99.61
60,67,99.83
61,67,103.28
1,68,99.27
2,68,102.52
3,68,103.49
4,68,102.26
5,68,98.59
6,68,100.46
7,68,107.3
8,68,101.12
9,68,108.31
10,68,106.01
11,68,103.89
12,68,103.73
13,68,102.49
14,68,103.54
15,68,102.64
16,68,104.19
17,68,101.89
18,68,102.08
19,68,107.81
20,68,102.26
21,68,107.52
22,68,102.21
23,68,107.49
24,68,106.02
25,68,109.26
26,68,106.1
27,68,102.87
28,68,106.6
29,68,107.34
30,68,106.78
31,68,108.18
32,68,105.84
33,68,104.36
34,68,104.77
35,68,105.58
36,68,105.39
37,68,111.04
38,68,108.51
39,68,107.13
40,68,106.38
41,68,105.8
42,68,105.52
43,68,104.94
44,68,104.39
45,68,99.83
46,68,102.98
47,68,102.94
48,68,101.64
49,68,101.74
50,68,103.19
51,68,103.87
52,68,102.7
53,68,103.36
54,68,103.19
55,68,100.88
56,68,102.35
57,68,97.65
58,68,100.22
59,68,99.86
60,68,103.8
61,68,101.31
1,69,98.08
2,69,102.05
3,69,102.81
4,69,100.95
5,69,102.66
6,69,96.46
7,69,96.23
8,69,99.46
9,69,102.33
10,69,105.31
11,69,100.22
12,69,101.01
13,69,103.14
14,69,102.24
15,69,102.38
16,69,102.9
17,69,106.63
18,69,106.49
19,69,104.56
20,69,108.07
21,69,106.01
22,69,107.51
23,69,103.68
24,69,104.27
25,69,104.41
26,69,105.69
27,69,106.09
28,69,106.7
29,69,110.04
30,69,107.55
31,69,105.06
32,69,106.04
33,69,108.98
34,69,107.43
35,69,108.72
36,69,104.62
37,69,103.98
38,69,103.81
39,69,104.18
40,69,102.63
41,69,105.1
42,69,104.89
43,69,106.68
44,69,100.22
45,69,101.59
46,69,104.83
47,69,103.33
48,69,102.81
49,69,105.0
50,69,100.23
51,69,100.57
52,69,100.13
53,69,97.6
54,69,101.71
55,69,100.23
56,69,99.66
57,69,99.16
58,69,100.82
59,69,99.15
60,69,101.09
61,69,101.47
1,70,100.05
2,70,100.02
3,70,101.22
4,70,100.91
5,70,103.76
6,70,101.89
7,70,103.6
8,70,102.79
9,70,99.11
10,70,100.82
11,70,102.04
12,70,104.08
13,70,106.41
14,70,101.81
15,70,103.11
16,70,104.83
17,70,103.34
18,70,106.96
19,70,101.2
20,70,105.46
21,70,105.64
22,70,106.79
23,70,104.79
24,70,106.6
25,70,104.45
26,70,103.46
27,70,103.26
28,70,102.33
29,70,104.37
30,70,105.89
31,70,104.84
32,70,105.61
33,70,107.62
34,70,104.03
35,70,109.63
36,70,106.33
37,70,104.27
38,70,104.05
39,70,102.29
40,70,104.05
41,70,99.57
42,70,106.19
43,70,97.82
44,70,103.31
45,70,100.71
46,70,101.38
47,70,101.41
48,70,106.2
49,70,99.93
50,70,103.77
51,70,104.07
52,70,96.89
53,70,100.17
54,70,104.22
55,70,98.48
56,70,103.37
57,70,100.82
58,70,100.62
59,70,100.78
60,70,101.24
61,70,98.57
1,71,100.03
2,71,101.38
3,71,101.09
4,71,101.53
5,71,99.51
6,71,102.34
7,71,101.46
8,71,98.19
9,71,100.44
10,71,99.87
11,71,100.02
12,71,101.06
13,71,103.42
14,71,101.13
15,71,103.03
16,71,102.89
17,71,101.41
18,71,102.47
19,71,105.07
20,71,103.82
21,71,104.79
22,71,106.4
23,71,104.87
24,71,100.29
25,71,104.79
26,71,103.11
27,71,108.04
28,71,105.28
29,71,103.32
30,71,105.66
31,71,104.69
32,71,101.04
33,71,106.15
34,71,103.54
35,71,107.09
36,71,103.89
37,71,106.88
38,71,104.71
39,71,105.64
40,71,102.54
41,71,104.05
42,71,99.7
43,71,102.71
44,71,99.8
45,71,100.29
46,71,100.6
47,71,103.52
48,71,101.72
49,71,101.9
50,71,101.32
51,71,103.66
52,71,101.36
53,71,101.7
54,71,99.93
55,71,103.25
56,71,103.28
57,71,100.66
58,71,99.47
59,71,97.32
60,71,98.74
61,71,96.08
1,72,98.65
2,72,101.26
3,72,100.52
4,72,105.36
5,72,100.07
6,72,100.02
7,72,103.16
8,72,97.3
9,72,98.32
10,72,102.75
11,72,101.18
12,72,101.37
13,72,100.0
14,72,102.52
15,72,100.59
16,72,102.51
17,72,100.22
18,72,102.33
19,72,106.91
20,72,102.16
21,72,102.89
22,72,102.89
23,72,103.77
24,72,104.47
25,72,104.15
26,72,104.27
27,72,103.42
28,72,104.03
29,72,103.43
30,72,100.24
31,72,109.12
32,72,105.28
33,72,101.82
34,72,104.17
35,72,100.94
36,72,102.54
37,72,100.46
38,72,103.19
39,72,99.99
40,72,103.79
41,72,104.22
42,72,101.04
43,72,102.86
44,72,100.61
45,72,103.23
46,72,100.66
47,72,103.45
48,72,98.1
49,72,99.56
50,72,99.2
51,72,101.69
52,72,102.26
53,72,101.59
54,72,99.9
55,72,95.22
56,72,100.79
57,72,102.2
58,72,105.91
59,72,99.62
60,72,99.08
61,72,100.99
1,73,99.89
2,73,103.01
3,73,98.91
4,73,100.11
5,73,102.44
6,73,101.4
7,73,103.2
8,73,100.11
9,73,103.62
10,73,97.88
11,73,98.08
12,73,104.02
13,73,101.61
14,73,103.57
15,73,102.07
16,73,102.0
17,73,99.5
18,73,102.24
19,73,105.15
20,73,102.67
21,73,104.05
22,73,104.11
23,73,100.88
24,73,104.72
25,73,102.46
26,73,102.64
27,73,107.41
28,73,104.45
29,73,102.0
30,73,103.41
31,73,103.35
32,73,106.63
33,73,103.29
34,73,107.57
35,73,100.49
36,73,102.94
37,73,101.38
38,73,101.81
39,73,101.74
40,73,101.14
41,73,105.89
42,73,105.14
43,73,102.96
44,73,101.06
45,73,100.51
46,73,103.22
47,73,102.2
48,73,101.17
49,73,102.41
50,73,102.99
51,73,100.78
52,73,99.41
53,73,98.23
54,73,101.28
55,73,105.02
56,73,98.38
57,73,102.73
58,73,99.11
59,73,99.45
60,73,102.18
61,73,99.79
1,74,100.84
2,74,100.85
3,74,99.1
4,74,102.3
5,74,100.46
6,74,97.88
7,74,98.96
8,74,94.6
9,74,101.03
10,74,103.63
11,74,99.03
12,74,102.41
13,74,102.21
14,74,99.96
15,74,104.66
16,74,101.16
17,74,105.84
18,74,98.67
19,74,101.52
20,74,101.86
21,74,102.19
22,74,103.8
23,74,109.25
24,74,103.45
25,74,102.66
26,74,100.48
27,74,98.94
28,74,105.09
29,74,101.68
30,74,107.99
31,74,104.51
32,74,103.43
33,74,103.51
34,74,103.48
35,74,101.22
36,74,99.04
37,74,101.36
38,74,102.33
39,74,100.97
40,74,99.59
41,74,100.56
42,74,104.01
43,74,103.32
44,74,102.05
45,74,102.76
46,74,99.2
47,74,99.76
48,74,101.86
49,74,99.12
50,74,101.24
51,74,98.4
52,74,97.53
53,74,102.21
54,74,102.71
55,74,99.32
56,74,97.47
57,74,96.03
58,74,104.08
59,74,100.56
60,74,99.08
61,74,99.52
1,75,96.46
2,75,101.57
3,75,104.38
4,75,98.87
5,75,105.26
6,75,100.32
7,75,103.96
8,75,101.31
9,75,101.39
10,75,104.55
11,75,102.51
12,75,101.79
13,75,97.25
14,75,98.22
15,75,102.25
16,75,104.37
17,75,101.79
18,75,100.45
19,75,98.05
20,75,100.25
21,75,102.17
22,75,100.28
23,75,100.14
24,75,102.04
25,75,105.09
26,75,103.62
27,75,102.86
28,75,102.69
29,75,103.44
30,75,102.12
31,75,101.51
32,75,103.79
33,75,101.84
34,75,99.87
35,75,105.08
36,75,98.4
37,75,105.11
38,75,103.01
39,75,99.97
40,75,101.87
41,75,100.87
42,75,103.25
43,75,103.11
44,75,102.36
45,75,102.83
46,75,101.0
47,75,104.66
48,75,103.49
49,75,99.99
50,75,102.48
51,75,102.22
52,75,100.18
53,75,99.95
54,75,102.98
55,75,100.46
56,75,100.95
57,75,103.18
58,75,105.4
59,75,99.23
60,75,99.8
61,75,100.36
1,76,100.43
2,76,101.03
3,76,99.34
4,76,97.83
5,76,103.92
6,76,101.69
7,76,99.68
8,76,101.46
9,76,104.32
10,76,99.14
11,76,101.22
12,76,98.09
13,76,100.71
14,76,102.27
15,76,98.89
16,76,100.83
17,76,102.88
18,76,102.54
19,76,99.13
20,76,102.27
21,76,102.72
22,76,101.88
23,76,103.91
24,76,100.61
25,76,102.66
26,76,99.55
27,76,98.71
28,76,103.5
29,76,101.99
30,76,101.03
31,76,99.82
32,76,103.59
33,76,98.9
34,76,103.87
35,76,102.74
36,76,98.87
37,76,101.98
38,76,106.98
39,76,103.98
40,76,99.87
41,76,102.88
42,76,98.53
43,76,98.54
44,76,101.07
45,76,102.22
46,76,102.66
47,76,102.6
48,76,101.86
49,76,97.57
50,76,100.6
51,76,102.59
52,76,101.47
53,76,100.89
54,76,101.12
55,76,101.04
56,76,96.43
57,76,102.63
58,76,100.05
59,76,101.65
60,76,95.6
61,76,103.5
1,77,97.89
2,77,105.31
3,77,104.5
4,77,97.65
5,77,101.98
6,77,98.35
7,77,99.16
8,77,99.25
9,77,101.44
10,77,101.25
11,77,98.26
12,77,101.61
13,77,100.38
14,77,97.22
15,77,100.06
16,77,104.32
17,77,100.27
18,77,97.47
19,77,102.83
20,77,99.42
21,77,101.76
22,77,101.05
23,77,104.97
24,77,101.15
25,77,99.24
26,77,100.63
27,77,99.14
28,77,101.2
29,77,105.17
30,77,104.13
31,77,105.71
32,77,102.57
33,77,101.88
34,77,99.57
35,77,102.07
36,77,101.23
37,77,103.0
38,77,99.15
39,77,101.44
40,77,98.12
41,77,101.88
42,77,102.49
43,77,97.83
44,77,98.32
45,77,98.34
46,77,100.51
47,77,98.0
48,77,103.48
49,77,101.53
50,77,101.8
51,77,97.36
52,77,103.07
53,77,101.73
54,77,99.02
55,77,97.26
56,77,100.15
57,77,99.33
58,77,99.38
59,77,98.79
60,77,101.61
61,77,94.95
1,78,103.03
2,78,102.19
3,78,100.64
4,78,99.96
5,78,102.45
6,78,100.24
7,78,99.8
8,78,102.68
9,78,104.64
10,78,98.56
11,78,101.4
12,78,98.43
13,78,101.66
14,78,99.16
15,78,103.19
16,78,100.63
17,78,100.98
18,78,104.21
19,78,99.53
20,78,102.42
21,78,99.84
22,78,103.55
23,78,104.77
24,78,100.71
25,78,96.88
26,78,99.92
27,78,106.19
28,78,100.15
29,78,104.89
30,78,100.14
31,78,100.09
32,78,102.9
33,78,102.64
34,78,103.0
35,78,101.28
36,78,103.3
37,78,103.12
38,78,103.45
39,78,99.86
40,78,103.12
41,78,99.96
42,78,100.63
43,78,100.53
44,78,98.83
45,78,97.3
46,78,103.16
47,78,99.25
48,78,100.06
49,78,99.09
50,78,99.98
51,78,99.44
52,78,102.96
53,78,99.18
54,78,103.75
55,78,102.56
56,78,99.3
57,78,100.86
58,78,101.23
59,78,101.85
60,78,102.02
61,78,100.5
1,79,98.23
2,79,101.44
3,79,99.71
4,79,94.63
5,79,101.01
6,79,98.8
7,79,99.38
8,79,100.34
9,79,97.26
10,79,100.69
11,79,99.82
12,79,98.74
13,79,100.63
14,79,97.21
15,79,100.79
16,79,101.62
17,79,101.34
18,79,102.36
19,79,103.16
20,79,100.71
21,79,103.1
22,79,100.78
23,79,99.59
24,79,100.23
25,79,101.58
26,79,103.24
27,79,101.09
28,79,99.76
29,79,104.0
30,79,98.25
31,79,99.78
32,79,102.89
33,79,104.62
34,79,102.03
35,79,101.55
36,79,100.44
37,79,102.08
38,79,101.21
39,79,99.4
40,79,100.25
41,79,99.09
42,79,100.81
43,79,101.05
44,79,103.95
45,79,99.44
46,79,100.23
47,79,103.06
48,79,104.11
49,79,101.4
50,79,99.9
51,79,99.42
52,79,96.65
53,79,98.44
54,79,100.47
55,79,99.87
56,79,101.45
57,79,99.79
58,79,98.71
59,79,100.82
60,79,105.13
61,79,99.47
1,80,100.39
2,80,101.82
3,80,99.0
4,80,102.71
5,80,97.03
6,80,99.4
7,80,99.62
8,80,100.58
9,80,96.36
10,80,103.04
11,80,101.2
12,80,102.65
13,80,103.67
14,80,99.0
15,80,95.53
16,80,102.85
17,80,100.03
18,80,98.37
19,80,101.83
20,80,105.64
21,80,100.53
22,80,102.68
23,80,98.84
24,80,97.46
25,80,102.69
26,80,101.97
27,80,99.96
28,80,104.32
29,80,97.38
30,80,98.46
31,80,99.83
32,80,100.19
33,80,103.83
34,80,100.98
35,80,100.47
36,80,98.3
37,80,102.98
38,80,98.51
39,80,98.2
40,80,99.91
41,80,101.0
42,80,99.2
43,80,102.01
44,80,100.0
45,80,102.63
46,80,101.49
47,80,104.03
48,80,99.52
49,80,102.06
50,80,96.76
51,80,106.09
52,80,101.86
53,80,99.65
54,80,99.7
55,80,99.7
56,80,103.85
57,80,101.95
58,80,99.24
59,80,97.63
60,80,102.49
61,80,101.76
1,81,101.5
2,81,99.94
3,81,99.52
4,81,103.51
5,81,103.71
6,81,101.46
7,81,102.14
8,81,100.7
9,81,97.51
10,81,98.32
11,81,102.6
12,81,102.88
13,81,102.47
14,81,101.09
15,81,102.61
16,81,100.34
17,81,101.73
18,81,100.11
19,81,98.44
20,81,102.31
21,81,103.16
22,81,105.59
23,81,101.19
24,81,98.59
25,81,100.05
26,81,100.45
27,81,101.03
28,81,101.68
29,81,101.47
30,81,102.3
31,81,101.14
32,81,96.29
33,81,101.19
34,81,100.89
35,81,101.8
36,81,99.96
37,81,101.11
38,81,101.75
39,81,100.29
40,81,101.93
41,81,100.69
42,81,100.84
43,81,94.64
44,81,98.17
45,81,98.14
46,81,100.83
47,81,102.91
48,81,100.1
49,81,102.0
50,81,101.57
51,81,100.53
52,81,101.37
53,81,100.69
54,81,99.89
55,81,100.94
56,81,103.03
57,81,101.07
58,81,100.54
59,81,98.34
60,81,102.91
61,81,97.25
1,82,96.66
2,82,100.83
3,82,98.34
4,82,102.29
5,82,96.76
6,82,102.07
7,82,101.8
8,82,100.42
9,82,96.0
10,82,96.78
11,82,100.73
12,82,99.8
13,82,101.75
14,82,100.18
15,82,100.04
16,82,95.52
17,82,102.04
18,82,99.13
19,82,99.65
20,82,98.33
21,82,97.42
22,82,103.46
23,82,102.13
24,82,102.18
25,82,100.14
26,82,97.11
27,82,104.8
28,82,101.45
29,82,100.88
30,82,99.89
31,82,96.52
32,82,102.88
33,82,98.48
34,82,101.68
35,82,102.11
36,82,101.22
37,82,101.48
38,82,103.21
39,82,98.91
40,82,100.8
41,82,100.0
42,82,96.74
43,82,100.97
44,82,102.87
45,82,103.1
46,82,104.04
47,82,96.75
48,82,103.53
49,82,100.62
50,82,103.42
51,82,99.41
52,82,99.12
53,82,97.73
54,82,101.7
55,82,101.16
56,82,97.88
57,82,95.77
58,82,100.92
59,82,101.13
60,82,98.09
61,82,97.68
1,83,101.37
2,83,103.78
3,83,99.09
4,83,98.33
5,83,100.7
6,83,101.39
7,83,99.4
8,83,104.2
9,83,101.97
10,83,99.42
11,83,97.01
12,83,102.86
13,83,102.62
14,83,99.65
15,83,100.98
16,83,100.0
17,83,101.36
18,83,98.29
19,83,98.03
20,83,102.0
21,83,102.28
22,83,99.44
23,83,98.94
24,83,102.74
25,83,99.03
26,83,100.58
27,83,100.34
28,83,97.55
29,83,100.87
30,83,100.68
31,83,101.21
32,83,100.8
33,83,104.75
34,83,102.8
35,83,100.54
36,83,100.71
37,83,103.96
38,83,102.14
39,83,97.94
40,83,102.28
41,83,102.85
42,83,103.58
43,83,99.52
44,83,99.35
45,83,98.4
46,83,100.88
47,83,101.7
48,83,99.19
49,83,99.92
50,83,96.07
51,83,103.18
52,83,97.02
53,83,100.88
54,83,100.59
55,83,100.19
56,83,100.23
57,83,98.06
58,83,99.41
59,83,102.0
60,83,102.58
61,83,99.2
1,84,96.93
2,84,98.5
3,84,103.77
4,84,98.63
5,84,99.89
6,84,102.93
7,84,99.05
8,84,99.79
9,84,101.72
10,84,103.57
11,84,98.87
12,84,102.96
13,84,99.63
14,84,98.44
15,84,100.72
16,84,97.93
17,84,101.2
18,84,106.58
19,84,102.5
20,84,100.1
21,84,102.43
22,84,98.47
23,84,98.82
24,84,100.21
25,84,100.55
26,84,97.79
27,84,99.77
28,84,100.1
29,84,103.48
30,84,97.81
31,84,97.62
32,84,100.74
33,84,102.69
34,84,101.48
35,84,100.98
36,84,99.78
37,84,101.7
38,84,101.99
39,84,99.81
40,84,98.41
41,84,98.41
42,84,102.03
43,84,97.17
44,84,103.6
45,84,99.31
46,84,100.83
47,84,101.6
48,84,98.81
49,84,99.24
50,84,100.41
51,84,98.42
52,84,97.98
53,84,98.15
54,84,102.51
55,84,100.88
56,84,98.49
57,84,101.81
58,84,98.58
59,84,96.15
60,84,101.44
61,84,103.33
1,85,101.15
2,85,96.27
3,85,100.0
4,85,99.51
5,85,100.82
6,85,98.38
7,85,99.42
8,85,97.25
9,85,100.55
10,85,97.35
11,85,101.0
12,85,98.64
13,85,93.87
14,85,101.75
15,85,101.17
16,85,102.9
17,85,96.03
18,85,98.91
19,85,100.5
20,85,101.39
21,85,97.33
22,85,101.13
23,85,99.14
24,85,96.58
25,85,98.8
26,85,101.33
27,85,96.68
28,85,101.59
29,85,100.88
30,85,99.81
31,85,97.05
32,85,97.2
33,85,99.51
34,85,98.05
35,85,99.63
36,85,102.1
37,85,99.73
38,85,99.67
39,85,99.66
40,85,102.27
41,85,102.82
42,85,101.06
43,85,100.48
44,85,100.65
45,85,103.04
46,85,101.12
47,85,103.2
48,85,99.3
49,85,97.46
50,85,98.78
51,85,98.98
52,85,103.3
53,85,101.56
54,85,98.8
55,85,101.68
56,85,99.8
57,85,103.32
58,85,99.38
59,85,96.96
60,85,99.66
61,85,99.36
1,86,97.34
2,86,101.21
3,86,102.89
4,86,97.8
5,86,102.0
6,86,98.85
7,86,100.02
8,86,99.82
9,86,100.03
10,86,101.04
11,86,98.05
12,86,102.7
13,86,101.13
14,86,101.8
15,86,98.58
16,86,97.92
17,86,102.53
18,86,97.86
19,86,100.48
20,86,102.23
21,86,99.95
22,86,102.55
23,86,99.68
24,86,97.68
25,86,100.99
26,86,100.64
27,86,105.62
28,86,98.36
29,86,99.75
30,86,98.79
31,86,99.97
32,86,99.88
33,86,98.5
34,86,101.18
35,86,99.81
36,86,102.92
37,86,98.93
38,86,103.94
39,86,100.76
40,86,102.74
41,86,100.42
42,86,98.61
43,86,99.64
44,86,97.38
45,86,99.92
46,86,100.48
47,86,100.21
48,86,102.77
49,86,99.8
50,86,96.3
51,86,107.17
52,86,98.69
53,86,102.0
54,86,97.05
55,86,100.54
56,86,98.46
57,86,94.4
58,86,99.47
59,86,99.93
60,86,99.59
61,86,100.51
1,87,99.49
2,87,100.17
3,87,100.37
4,87,99.97
5,87,99.7
6,87,98.26
7,87,101.24
8,87,99.49
9,87,99.34
10,87,101.1
11,87,100.5
12,87,98.69
13,87,102.6
14,87,97.73
15,87,98.05
16,87,101.46
17,87,103.63
18,87,98.98
19,87,100.97
20,87,97.77
21,87,98.31
22,87,102.43
23,87,100.91
24,87,102.51
25,87,102.36
26,87,96.01
27,87,97.8
28,87,100.75
29,87,96.81
30,87,98.09
31,87,103.05
32,87,99.11
33,87,101.62
34,87,100.14
35,87,98.83
36,87,96.85
37,87,100.64
38,87,103.08
39,87,98.86
40,87,100.29
41,87,97.11
42,87,98.8
43,87,100.81
44,87,101.61
45,87,101.23
46,87,96.04
47,87,99.18
48,87,98.15
49,87,99.46
50,87,99.85
51,87,102.2
52,87,100.65
53,87,102.89
54,87,98.65
55,87,97.21
56,87,102.95
57,87,100.9
58,87,98.54
59,87,100.9
60,87,101.69
61,87,100.26
